mac_address,time_scanned,rssi,payload
58:0b:6d:de:b0:f8,00:00:00.907,-17,02011a020a090aff4c0010050f18a3dfd4
58:0b:6d:de:b0:f8,00:00:01.181,-18,02011a020a090aff4c0010050f18a3dfd4
f1:2f:7f:98:9a:44,00:00:01.198,-17,07ff4c0012020003
58:0b:6d:de:b0:f8,00:00:01.456,-17,02011a020a090aff4c0010050f18a3dfd4
58:0b:6d:de:b0:f8,00:00:01.759,-17,02011a020a090aff4c0010050f18a3dfd4
58:0b:6d:de:b0:f8,00:00:02.036,-17,02011a020a090aff4c0010050f18a3dfd4
58:0b:6d:de:b0:f8,00:00:02.285,-17,02011a020a090aff4c0010050f18a3dfd4
58:0b:6d:de:b0:f8,00:00:02.842,-17,02011a020a090aff4c0010050f18a3dfd4
58:0b:6d:de:b0:f8,00:00:03.118,-17,02011a020a090aff4c0010050f18a3dfd4
58:0b:6d:de:b0:f8,00:00:03.393,-17,02011a020a090aff4c0010050f18a3dfd4
58:0b:6d:de:b0:f8,00:00:03.674,-17,02011a020a090aff4c0010050f18a3dfd4
58:0b:6d:de:b0:f8,00:00:03.943,-17,02011a020a090aff4c0010050f18a3dfd4
58:0b:6d:de:b0:f8,00:00:04.228,-17,02011a020a090aff4c0010050f18a3dfd4
58:0b:6d:de:b0:f8,00:00:04.503,-17,02011a020a090aff4c0010050f18a3dfd4
58:0b:6d:de:b0:f8,00:00:04.782,-17,02011a020a090aff4c0010050f18a3dfd4
58:0b:6d:de:b0:f8,00:00:05.059,-17,02011a020a090aff4c0010050f18a3dfd4
f1:2f:7f:98:9a:44,00:00:05.209,-17,07ff4c0012020003
58:0b:6d:de:b0:f8,00:00:05.343,-17,02011a020a090aff4c0010050f18a3dfd4
58:0b:6d:de:b0:f8,00:00:05.611,-17,02011a020a090aff4c0010050f18a3dfd4
58:0b:6d:de:b0:f8,00:00:06.439,-17,02011a020a090aff4c0010050f18a3dfd4
f1:2f:7f:98:9a:44,00:00:07.218,-17,07ff4c0012020003
58:0b:6d:de:b0:f8,00:00:07.546,-17,02011a020a090aff4c0010050f18a3dfd4
58:0b:6d:de:b0:f8,00:00:07.823,-17,02011a020a090aff4c0010050f18a3dfd4
58:0b:6d:de:b0:f8,00:00:08.098,-17,02011a020a090aff4c0010050f18a3dfd4
58:0b:6d:de:b0:f8,00:00:08.379,-17,02011a020a090aff4c0010050f18a3dfd4
58:0b:6d:de:b0:f8,00:00:08.920,-17,02011a020a090aff4c0010050f18a3dfd4
f1:2f:7f:98:9a:44,00:00:09.248,-18,07ff4c0012020003
58:0b:6d:de:b0:f8,00:00:09.476,-17,02011a020a090aff4c0010050f18a3dfd4
58:0b:6d:de:b0:f8,00:00:09.756,-17,02011a020a090aff4c0010050f18a3dfd4
58:0b:6d:de:b0:f8,00:00:10.039,-17,02011a020a090aff4c0010050f18a3dfd4
58:0b:6d:de:b0:f8,00:00:10.302,-17,02011a020a090aff4c0010050f18a3dfd4
58:0b:6d:de:b0:f8,00:00:10.578,-17,02011a020a090aff4c0010050f18a3dfd4
58:0b:6d:de:b0:f8,00:00:10.857,-17,02011a020a090aff4c0010050f18a3dfd4
58:0b:6d:de:b0:f8,00:00:11.130,-17,02011a020a090aff4c0010050f18a3dfd4
f1:2f:7f:98:9a:44,00:00:11.249,-17,07ff4c0012020003
58:0b:6d:de:b0:f8,00:00:11.682,-17,02011a020a090aff4c0010050f18a3dfd4
58:0b:6d:de:b0:f8,00:00:11.977,-17,02011a020a090aff4c0010050f18a3dfd4
58:0b:6d:de:b0:f8,00:00:12.232,-17,02011a020a090aff4c0010050f18a3dfd4
58:0b:6d:de:b0:f8,00:00:12.786,-17,02011a020a090aff4c0010050f18a3dfd4
58:0b:6d:de:b0:f8,00:00:13.075,-17,02011a020a090aff4c0010050f18a3dfd4
f1:2f:7f:98:9a:44,00:00:13.240,-18,07ff4c0012020003
58:0b:6d:de:b0:f8,00:00:13.344,-17,02011a020a090aff4c0010050f18a3dfd4
58:0b:6d:de:b0:f8,00:00:13.619,-17,02011a020a090aff4c0010050f18a3dfd4
58:0b:6d:de:b0:f8,00:00:13.893,-17,02011a020a090aff4c0010050f18a3dfd4
58:0b:6d:de:b0:f8,00:00:14.168,-17,02011a020a090aff4c0010050f18a3dfd4
58:0b:6d:de:b0:f8,00:00:14.746,-17,02011a020a090aff4c0010050f18a3dfd4
58:0b:6d:de:b0:f8,00:00:15.026,-17,02011a020a090aff4c0010050f18a3dfd4
f1:2f:7f:98:9a:44,00:00:15.244,-17,07ff4c0012020003
58:0b:6d:de:b0:f8,00:00:15.302,-17,02011a020a090aff4c0010050f18a3dfd4
58:0b:6d:de:b0:f8,00:00:15.583,-17,02011a020a090aff4c0010050f18a3dfd4
58:0b:6d:de:b0:f8,00:00:16.136,-17,02011a020a090aff4c0010050f18a3dfd4
58:0b:6d:de:b0:f8,00:00:16.412,-17,02011a020a090aff4c0010050f18a3dfd4
58:0b:6d:de:b0:f8,00:00:16.705,-17,02011a020a090aff4c0010050f18a3dfd4
58:0b:6d:de:b0:f8,00:00:16.984,-17,02011a020a090aff4c0010050f18a3dfd4
58:0b:6d:de:b0:f8,00:00:17.252,-17,02011a020a090aff4c0010050f18a3dfd4
f1:2f:7f:98:9a:44,00:00:17.253,-17,07ff4c0012020003
58:0b:6d:de:b0:f8,00:00:17.517,-17,02011a020a090aff4c0010050f18a3dfd4
58:0b:6d:de:b0:f8,00:00:17.792,-17,02011a020a090aff4c0010050f18a3dfd4
58:0b:6d:de:b0:f8,00:00:18.073,-17,02011a020a090aff4c0010050f18a3dfd4
58:0b:6d:de:b0:f8,00:00:18.899,-17,02011a020a090aff4c0010050f18a3dfd4
58:0b:6d:de:b0:f8,00:00:19.180,-17,02011a020a090aff4c0010050f18a3dfd4
f1:2f:7f:98:9a:44,00:00:19.271,-18,07ff4c0012020003
58:0b:6d:de:b0:f8,00:00:19.727,-17,02011a020a090aff4c0010050f18a3dfd4
58:0b:6d:de:b0:f8,00:00:20.001,-17,02011a020a090aff4c0010050f18a3dfd4
58:0b:6d:de:b0:f8,00:00:20.275,-17,02011a020a090aff4c0010050f18a3dfd4
58:0b:6d:de:b0:f8,00:00:20.556,-17,02011a020a090aff4c0010050f18a3dfd4
58:0b:6d:de:b0:f8,00:00:20.825,-17,02011a020a090aff4c0010050f18a3dfd4
58:0b:6d:de:b0:f8,00:00:21.104,-17,02011a020a090aff4c0010050f18a3dfd4
f1:2f:7f:98:9a:44,00:00:21.268,-17,07ff4c0012020003
58:0b:6d:de:b0:f8,00:00:21.380,-17,02011a020a090aff4c0010050f18a3dfd4
58:0b:6d:de:b0:f8,00:00:21.654,-17,02011a020a090aff4c0010050f18a3dfd4
58:0b:6d:de:b0:f8,00:00:21.931,-17,02011a020a090aff4c0010050f18a3dfd4
58:0b:6d:de:b0:f8,00:00:22.210,-17,02011a020a090aff4c0010050f18a3dfd4
58:0b:6d:de:b0:f8,00:00:22.493,-17,02011a020a090aff4c0010050f18a3dfd4
58:0b:6d:de:b0:f8,00:00:22.762,-17,02011a020a090aff4c0010050f18a3dfd4
58:0b:6d:de:b0:f8,00:00:23.041,-17,02011a020a090aff4c0010050f18a3dfd4
f1:2f:7f:98:9a:44,00:00:23.273,-17,07ff4c0012020003
58:0b:6d:de:b0:f8,00:00:23.312,-17,02011a020a090aff4c0010050f18a3dfd4
58:0b:6d:de:b0:f8,00:00:23.875,-17,02011a020a090aff4c0010050f18a3dfd4
58:0b:6d:de:b0:f8,00:00:24.143,-17,02011a020a090aff4c0010050f18a3dfd4
58:0b:6d:de:b0:f8,00:00:24.419,-17,02011a020a090aff4c0010050f18a3dfd4
58:0b:6d:de:b0:f8,00:00:24.710,-17,02011a020a090aff4c0010050f18a3dfd4
58:0b:6d:de:b0:f8,00:00:24.985,-17,02011a020a090aff4c0010050f18a3dfd4
58:0b:6d:de:b0:f8,00:00:25.274,-17,02011a020a090aff4c0010050f18a3dfd4
f1:2f:7f:98:9a:44,00:00:25.276,-17,07ff4c0012020003
58:0b:6d:de:b0:f8,00:00:25.536,-17,02011a020a090aff4c0010050f18a3dfd4
58:0b:6d:de:b0:f8,00:00:25.870,-17,02011a020a090aff4c0010050f18a3dfd4
58:0b:6d:de:b0:f8,00:00:26.105,-17,02011a020a090aff4c0010050f18a3dfd4
58:0b:6d:de:b0:f8,00:00:26.657,-18,02011a020a090aff4c0010050f18a3dfd4
58:0b:6d:de:b0:f8,00:00:26.915,-17,02011a020a090aff4c0010050f18a3dfd4
58:0b:6d:de:b0:f8,00:00:27.199,-17,02011a020a090aff4c0010050f18a3dfd4
f1:2f:7f:98:9a:44,00:00:27.296,-17,07ff4c0012020003
58:0b:6d:de:b0:f8,00:00:28.305,-17,02011a020a090aff4c0010050f18a3dfd4
58:0b:6d:de:b0:f8,00:00:28.593,-17,02011a020a090aff4c0010050f18a3dfd4
58:0b:6d:de:b0:f8,00:00:28.862,-17,02011a020a090aff4c0010050f18a3dfd4
f1:2f:7f:98:9a:44,00:00:29.296,-17,07ff4c0012020003
58:0b:6d:de:b0:f8,00:00:29.415,-17,02011a020a090aff4c0010050f18a3dfd4
58:0b:6d:de:b0:f8,00:00:30.250,-17,02011a020a090aff4c0010050f18a3dfd4
58:0b:6d:de:b0:f8,00:00:30.518,-17,02011a020a090aff4c0010050f18a3dfd4
58:0b:6d:de:b0:f8,00:00:30.807,-17,02011a020a090aff4c0010050f18a3dfd4
58:0b:6d:de:b0:f8,00:00:31.098,-17,02011a020a090aff4c0010050f18a3dfd4
f1:2f:7f:98:9a:44,00:00:31.296,-18,07ff4c0012020003
58:0b:6d:de:b0:f8,00:00:31.346,-17,02011a020a090aff4c0010050f18a3dfd4
58:0b:6d:de:b0:f8,00:00:31.622,-17,02011a020a090aff4c0010050f18a3dfd4
58:0b:6d:de:b0:f8,00:00:31.899,-17,02011a020a090aff4c0010050f18a3dfd4
58:0b:6d:de:b0:f8,00:00:32.191,-17,02011a020a090aff4c0010050f18a3dfd4
58:0b:6d:de:b0:f8,00:00:32.449,-17,02011a020a090aff4c0010050f18a3dfd4
58:0b:6d:de:b0:f8,00:00:32.729,-17,02011a020a090aff4c0010050f18a3dfd4
58:0b:6d:de:b0:f8,00:00:33.003,-17,02011a020a090aff4c0010050f18a3dfd4
58:0b:6d:de:b0:f8,00:00:33.283,-17,02011a020a090aff4c0010050f18a3dfd4
f1:2f:7f:98:9a:44,00:00:33.306,-17,07ff4c0012020003
58:0b:6d:de:b0:f8,00:00:33.559,-17,02011a020a090aff4c0010050f18a3dfd4
58:0b:6d:de:b0:f8,00:00:34.115,-17,02011a020a090aff4c0010050f18a3dfd4
58:0b:6d:de:b0:f8,00:00:35.365,-17,02011a020a090aff4c0010050f18a3dfd4
58:0b:6d:de:b0:f8,00:00:35.644,-17,02011a020a090aff4c0010050f18a3dfd4
58:0b:6d:de:b0:f8,00:00:36.188,-17,02011a020a090aff4c0010050f18a3dfd4
58:0b:6d:de:b0:f8,00:00:36.463,-17,02011a020a090aff4c0010050f18a3dfd4
58:0b:6d:de:b0:f8,00:00:36.758,-17,02011a020a090aff4c0010050f18a3dfd4
58:0b:6d:de:b0:f8,00:00:37.016,-17,02011a020a090aff4c0010050f18a3dfd4
f1:2f:7f:98:9a:44,00:00:37.172,-17,07ff4c0012020003
58:0b:6d:de:b0:f8,00:00:37.295,-17,02011a020a090aff4c0010050f18a3dfd4
58:0b:6d:de:b0:f8,00:00:37.850,-17,02011a020a090aff4c0010050f18a3dfd4
58:0b:6d:de:b0:f8,00:00:38.120,-17,02011a020a090aff4c0010050f18a3dfd4
58:0b:6d:de:b0:f8,00:00:38.672,-17,02011a020a090aff4c0010050f18a3dfd4
58:0b:6d:de:b0:f8,00:00:38.947,-17,02011a020a090aff4c0010050f18a3dfd4
f1:2f:7f:98:9a:44,00:00:39.180,-17,07ff4c0012020003
58:0b:6d:de:b0:f8,00:00:39.231,-17,02011a020a090aff4c0010050f18a3dfd4
58:0b:6d:de:b0:f8,00:00:39.503,-17,02011a020a090aff4c0010050f18a3dfd4
58:0b:6d:de:b0:f8,00:00:39.776,-17,02011a020a090aff4c0010050f18a3dfd4
58:0b:6d:de:b0:f8,00:00:40.051,-17,02011a020a090aff4c0010050f18a3dfd4
58:0b:6d:de:b0:f8,00:00:40.353,-17,02011a020a090aff4c0010050f18a3dfd4
58:0b:6d:de:b0:f8,00:00:40.895,-18,02011a020a090aff4c0010050f18a3dfd4
f1:2f:7f:98:9a:44,00:00:41.244,-17,07ff4c0012020003
58:0b:6d:de:b0:f8,00:00:41.440,-17,02011a020a090aff4c0010050f18a3dfd4
58:0b:6d:de:b0:f8,00:00:41.730,-17,02011a020a090aff4c0010050f18a3dfd4
58:0b:6d:de:b0:f8,00:00:42.255,-17,02011a020a090aff4c0010050f18a3dfd4
58:0b:6d:de:b0:f8,00:00:42.532,-17,02011a020a090aff4c0010050f18a3dfd4
58:0b:6d:de:b0:f8,00:00:42.804,-17,02011a020a090aff4c0010050f18a3dfd4
58:0b:6d:de:b0:f8,00:00:43.079,-17,02011a020a090aff4c0010050f18a3dfd4
f1:2f:7f:98:9a:44,00:00:43.232,-18,07ff4c0012020003
58:0b:6d:de:b0:f8,00:00:43.357,-17,02011a020a090aff4c0010050f18a3dfd4
58:0b:6d:de:b0:f8,00:00:43.638,-17,02011a020a090aff4c0010050f18a3dfd4
58:0b:6d:de:b0:f8,00:00:43.952,-17,02011a020a090aff4c0010050f18a3dfd4
58:0b:6d:de:b0:f8,00:00:44.188,-17,02011a020a090aff4c0010050f18a3dfd4
58:0b:6d:de:b0:f8,00:00:44.468,-17,02011a020a090aff4c0010050f18a3dfd4
58:0b:6d:de:b0:f8,00:00:44.739,-17,02011a020a090aff4c0010050f18a3dfd4
f1:2f:7f:98:9a:44,00:00:45.219,-17,07ff4c0012020003
58:0b:6d:de:b0:f8,00:00:45.290,-17,02011a020a090aff4c0010050f18a3dfd4
58:0b:6d:de:b0:f8,00:00:45.570,-17,02011a020a090aff4c0010050f18a3dfd4
58:0b:6d:de:b0:f8,00:00:45.857,-17,02011a020a090aff4c0010050f18a3dfd4
58:0b:6d:de:b0:f8,00:00:46.118,-17,02011a020a090aff4c0010050f18a3dfd4
58:0b:6d:de:b0:f8,00:00:46.391,-18,02011a020a090aff4c0010050f18a3dfd4
58:0b:6d:de:b0:f8,00:00:46.665,-18,02011a020a090aff4c0010050f18a3dfd4
58:0b:6d:de:b0:f8,00:00:46.950,-18,02011a020a090aff4c0010050f18a3dfd4
f1:2f:7f:98:9a:44,00:00:47.223,-18,07ff4c0012020003
58:0b:6d:de:b0:f8,00:00:47.224,-17,02011a020a090aff4c0010050f18a3dfd4
58:0b:6d:de:b0:f8,00:00:48.325,-17,02011a020a090aff4c0010050f18a3dfd4
58:0b:6d:de:b0:f8,00:00:48.605,-17,02011a020a090aff4c0010050f18a3dfd4
58:0b:6d:de:b0:f8,00:00:48.905,-17,02011a020a090aff4c0010050f18a3dfd4
58:0b:6d:de:b0:f8,00:00:49.165,-17,02011a020a090aff4c0010050f18a3dfd4
f1:2f:7f:98:9a:44,00:00:49.230,-17,07ff4c0012020003
58:0b:6d:de:b0:f8,00:00:49.444,-17,02011a020a090aff4c0010050f18a3dfd4
58:0b:6d:de:b0:f8,00:00:49.719,-17,02011a020a090aff4c0010050f18a3dfd4
58:0b:6d:de:b0:f8,00:00:49.994,-17,02011a020a090aff4c0010050f18a3dfd4
58:0b:6d:de:b0:f8,00:00:50.269,-17,02011a020a090aff4c0010050f18a3dfd4
58:0b:6d:de:b0:f8,00:00:50.819,-17,02011a020a090aff4c0010050f18a3dfd4
f1:2f:7f:98:9a:44,00:00:51.277,-17,07ff4c0012020003
58:0b:6d:de:b0:f8,00:00:51.384,-17,02011a020a090aff4c0010050f18a3dfd4
58:0b:6d:de:b0:f8,00:00:51.646,-17,02011a020a090aff4c0010050f18a3dfd4
58:0b:6d:de:b0:f8,00:00:52.197,-17,02011a020a090aff4c0010050f18a3dfd4
58:0b:6d:de:b0:f8,00:00:52.472,-17,02011a020a090aff4c0010050f18a3dfd4
58:0b:6d:de:b0:f8,00:00:52.749,-17,02011a020a090aff4c0010050f18a3dfd4
58:0b:6d:de:b0:f8,00:00:53.026,-17,02011a020a090aff4c0010050f18a3dfd4
f1:2f:7f:98:9a:44,00:00:53.244,-18,07ff4c0012020003
58:0b:6d:de:b0:f8,00:00:53.305,-17,02011a020a090aff4c0010050f18a3dfd4
58:0b:6d:de:b0:f8,00:00:53.849,-17,02011a020a090aff4c0010050f18a3dfd4
58:0b:6d:de:b0:f8,00:00:54.126,-18,02011a020a090aff4c0010050f18a3dfd4
58:0b:6d:de:b0:f8,00:00:54.679,-17,02011a020a090aff4c0010050f18a3dfd4
58:0b:6d:de:b0:f8,00:00:54.961,-17,02011a020a090aff4c0010050f18a3dfd4
58:0b:6d:de:b0:f8,00:00:55.232,-17,02011a020a090aff4c0010050f18a3dfd4
f1:2f:7f:98:9a:44,00:00:55.254,-17,07ff4c0012020003
58:0b:6d:de:b0:f8,00:00:55.512,-17,02011a020a090aff4c0010050f18a3dfd4
58:0b:6d:de:b0:f8,00:00:56.082,-17,02011a020a090aff4c0010050f18a3dfd4
58:0b:6d:de:b0:f8,00:00:56.340,-17,02011a020a090aff4c0010050f18a3dfd4
58:0b:6d:de:b0:f8,00:00:56.903,-17,02011a020a090aff4c0010050f18a3dfd4
58:0b:6d:de:b0:f8,00:00:57.170,-17,02011a020a090aff4c0010050f18a3dfd4
f1:2f:7f:98:9a:44,00:00:57.258,-18,07ff4c0012020003
58:0b:6d:de:b0:f8,00:00:57.453,-17,02011a020a090aff4c0010050f18a3dfd4
58:0b:6d:de:b0:f8,00:00:57.723,-17,02011a020a090aff4c0010050f18a3dfd4
58:0b:6d:de:b0:f8,00:00:58.001,-17,02011a020a090aff4c0010050f18a3dfd4
58:0b:6d:de:b0:f8,00:00:58.279,-17,02011a020a090aff4c0010050f18a3dfd4
58:0b:6d:de:b0:f8,00:00:58.612,-17,02011a020a090aff4c0010050f18a3dfd4
58:0b:6d:de:b0:f8,00:00:58.833,-17,02011a020a090aff4c0010050f18a3dfd4
f1:2f:7f:98:9a:44,00:00:59.274,-17,07ff4c0012020003
58:0b:6d:de:b0:f8,00:00:59.404,-18,02011a020a090aff4c0010050f18a3dfd4
58:0b:6d:de:b0:f8,00:00:59.712,-17,02011a020a090aff4c0010050f18a3dfd4
58:0b:6d:de:b0:f8,00:00:59.955,-17,02011a020a090aff4c0010050f18a3dfd4
58:0b:6d:de:b0:f8,00:01:00.238,-17,02011a020a090aff4c0010050f18a3dfd4
58:0b:6d:de:b0:f8,00:01:00.510,-17,02011a020a090aff4c0010050f18a3dfd4
58:0b:6d:de:b0:f8,00:01:01.058,-17,02011a020a090aff4c0010050f18a3dfd4
f1:2f:7f:98:9a:44,00:01:01.268,-17,07ff4c0012020003
58:0b:6d:de:b0:f8,00:01:01.336,-17,02011a020a090aff4c0010050f18a3dfd4
58:0b:6d:de:b0:f8,00:01:01.613,-17,02011a020a090aff4c0010050f18a3dfd4
58:0b:6d:de:b0:f8,00:01:01.885,-17,02011a020a090aff4c0010050f18a3dfd4
58:0b:6d:de:b0:f8,00:01:02.154,-17,02011a020a090aff4c0010050f18a3dfd4
58:0b:6d:de:b0:f8,00:01:02.433,-17,02011a020a090aff4c0010050f18a3dfd4
58:0b:6d:de:b0:f8,00:01:02.710,-18,02011a020a090aff4c0010050f18a3dfd4
58:0b:6d:de:b0:f8,00:01:02.988,-17,02011a020a090aff4c0010050f18a3dfd4
58:0b:6d:de:b0:f8,00:01:03.271,-17,02011a020a090aff4c0010050f18a3dfd4
f1:2f:7f:98:9a:44,00:01:03.277,-18,07ff4c0012020003
58:0b:6d:de:b0:f8,00:01:03.537,-17,02011a020a090aff4c0010050f18a3dfd4
58:0b:6d:de:b0:f8,00:01:04.100,-17,02011a020a090aff4c0010050f18a3dfd4
58:0b:6d:de:b0:f8,00:01:05.711,-17,02011a020a090aff4c0010050f18a3dfd4
58:0b:6d:de:b0:f8,00:01:06.270,-17,02011a020a090aff4c0010050f18a3dfd4
58:0b:6d:de:b0:f8,00:01:06.814,-17,02011a020a090aff4c0010050f18a3dfd4
58:0b:6d:de:b0:f8,00:01:07.101,-17,02011a020a090aff4c0010050f18a3dfd4
f1:2f:7f:98:9a:44,00:01:07.242,-18,07ff4c0012020003
58:0b:6d:de:b0:f8,00:01:07.370,-17,02011a020a090aff4c0010050f18a3dfd4
58:0b:6d:de:b0:f8,00:01:07.645,-17,02011a020a090aff4c0010050f18a3dfd4
58:0b:6d:de:b0:f8,00:01:07.924,-17,02011a020a090aff4c0010050f18a3dfd4
58:0b:6d:de:b0:f8,00:01:08.194,-17,02011a020a090aff4c0010050f18a3dfd4
58:0b:6d:de:b0:f8,00:01:08.469,-17,02011a020a090aff4c0010050f18a3dfd4
58:0b:6d:de:b0:f8,00:01:08.746,-17,02011a020a090aff4c0010050f18a3dfd4
f1:2f:7f:98:9a:44,00:01:09.248,-17,07ff4c0012020003
58:0b:6d:de:b0:f8,00:01:09.298,-17,02011a020a090aff4c0010050f18a3dfd4
58:0b:6d:de:b0:f8,00:01:09.850,-17,02011a020a090aff4c0010050f18a3dfd4
58:0b:6d:de:b0:f8,00:01:10.120,-17,02011a020a090aff4c0010050f18a3dfd4
58:0b:6d:de:b0:f8,00:01:10.395,-17,02011a020a090aff4c0010050f18a3dfd4
58:0b:6d:de:b0:f8,00:01:10.672,-17,02011a020a090aff4c0010050f18a3dfd4
58:0b:6d:de:b0:f8,00:01:10.946,-17,02011a020a090aff4c0010050f18a3dfd4
58:0b:6d:de:b0:f8,00:01:11.220,-18,02011a020a090aff4c0010050f18a3dfd4
f1:2f:7f:98:9a:44,00:01:11.252,-17,07ff4c0012020003
58:0b:6d:de:b0:f8,00:01:11.494,-17,02011a020a090aff4c0010050f18a3dfd4
58:0b:6d:de:b0:f8,00:01:11.774,-17,02011a020a090aff4c0010050f18a3dfd4
58:0b:6d:de:b0:f8,00:01:12.051,-17,02011a020a090aff4c0010050f18a3dfd4
58:0b:6d:de:b0:f8,00:01:12.324,-17,02011a020a090aff4c0010050f18a3dfd4
58:0b:6d:de:b0:f8,00:01:12.601,-17,02011a020a090aff4c0010050f18a3dfd4
58:0b:6d:de:b0:f8,00:01:12.877,-17,02011a020a090aff4c0010050f18a3dfd4
58:0b:6d:de:b0:f8,00:01:13.165,-17,02011a020a090aff4c0010050f18a3dfd4
f1:2f:7f:98:9a:44,00:01:13.256,-18,07ff4c0012020003
58:0b:6d:de:b0:f8,00:01:13.441,-17,02011a020a090aff4c0010050f18a3dfd4
58:0b:6d:de:b0:f8,00:01:13.725,-17,02011a020a090aff4c0010050f18a3dfd4
58:0b:6d:de:b0:f8,00:01:14.011,-17,02011a020a090aff4c0010050f18a3dfd4
58:0b:6d:de:b0:f8,00:01:14.284,-17,02011a020a090aff4c0010050f18a3dfd4
58:0b:6d:de:b0:f8,00:01:14.818,-17,02011a020a090aff4c0010050f18a3dfd4
58:0b:6d:de:b0:f8,00:01:15.094,-18,02011a020a090aff4c0010050f18a3dfd4
58:0b:6d:de:b0:f8,00:01:15.645,-17,02011a020a090aff4c0010050f18a3dfd4
58:0b:6d:de:b0:f8,00:01:15.924,-18,02011a020a090aff4c0010050f18a3dfd4
58:0b:6d:de:b0:f8,00:01:16.200,-17,02011a020a090aff4c0010050f18a3dfd4
58:0b:6d:de:b0:f8,00:01:16.481,-17,02011a020a090aff4c0010050f18a3dfd4
58:0b:6d:de:b0:f8,00:01:16.760,-17,02011a020a090aff4c0010050f18a3dfd4
58:0b:6d:de:b0:f8,00:01:17.029,-17,02011a020a090aff4c0010050f18a3dfd4
f1:2f:7f:98:9a:44,00:01:17.273,-17,07ff4c0012020003
58:0b:6d:de:b0:f8,00:01:17.308,-17,02011a020a090aff4c0010050f18a3dfd4
58:0b:6d:de:b0:f8,00:01:17.589,-17,02011a020a090aff4c0010050f18a3dfd4
58:0b:6d:de:b0:f8,00:01:18.137,-17,02011a020a090aff4c0010050f18a3dfd4
58:0b:6d:de:b0:f8,00:01:18.417,-17,02011a020a090aff4c0010050f18a3dfd4
58:0b:6d:de:b0:f8,00:01:18.725,-17,02011a020a090aff4c0010050f18a3dfd4
58:0b:6d:de:b0:f8,00:01:19.000,-17,02011a020a090aff4c0010050f18a3dfd4
58:0b:6d:de:b0:f8,00:01:19.247,-17,02011a020a090aff4c0010050f18a3dfd4
f1:2f:7f:98:9a:44,00:01:19.277,-18,07ff4c0012020003
58:0b:6d:de:b0:f8,00:01:19.526,-17,02011a020a090aff4c0010050f18a3dfd4
58:0b:6d:de:b0:f8,00:01:19.808,-17,02011a020a090aff4c0010050f18a3dfd4
58:0b:6d:de:b0:f8,00:01:20.081,-17,02011a020a090aff4c0010050f18a3dfd4
58:0b:6d:de:b0:f8,00:01:20.352,-17,02011a020a090aff4c0010050f18a3dfd4
58:0b:6d:de:b0:f8,00:01:20.907,-17,02011a020a090aff4c0010050f18a3dfd4
58:0b:6d:de:b0:f8,00:01:21.184,-17,02011a020a090aff4c0010050f18a3dfd4
f1:2f:7f:98:9a:44,00:01:21.289,-18,07ff4c0012020003
58:0b:6d:de:b0:f8,00:01:21.735,-17,02011a020a090aff4c0010050f18a3dfd4
58:0b:6d:de:b0:f8,00:01:22.019,-17,02011a020a090aff4c0010050f18a3dfd4
58:0b:6d:de:b0:f8,00:01:22.304,-17,02011a020a090aff4c0010050f18a3dfd4
58:0b:6d:de:b0:f8,00:01:22.570,-17,02011a020a090aff4c0010050f18a3dfd4
58:0b:6d:de:b0:f8,00:01:22.843,-17,02011a020a090aff4c0010050f18a3dfd4
58:0b:6d:de:b0:f8,00:01:23.117,-17,02011a020a090aff4c0010050f18a3dfd4
f1:2f:7f:98:9a:44,00:01:23.291,-17,07ff4c0012020003
58:0b:6d:de:b0:f8,00:01:23.404,-17,02011a020a090aff4c0010050f18a3dfd4
58:0b:6d:de:b0:f8,00:01:23.678,-17,02011a020a090aff4c0010050f18a3dfd4
58:0b:6d:de:b0:f8,00:01:23.959,-17,02011a020a090aff4c0010050f18a3dfd4
58:0b:6d:de:b0:f8,00:01:24.503,-17,02011a020a090aff4c0010050f18a3dfd4
58:0b:6d:de:b0:f8,00:01:25.080,-17,02011a020a090aff4c0010050f18a3dfd4
f1:2f:7f:98:9a:44,00:01:25.298,-17,07ff4c0012020003
58:0b:6d:de:b0:f8,00:01:25.334,-17,02011a020a090aff4c0010050f18a3dfd4
58:0b:6d:de:b0:f8,00:01:25.612,-18,02011a020a090aff4c0010050f18a3dfd4
58:0b:6d:de:b0:f8,00:01:25.886,-17,02011a020a090aff4c0010050f18a3dfd4
58:0b:6d:de:b0:f8,00:01:26.160,-17,02011a020a090aff4c0010050f18a3dfd4
58:0b:6d:de:b0:f8,00:01:26.721,-17,02011a020a090aff4c0010050f18a3dfd4
58:0b:6d:de:b0:f8,00:01:26.992,-17,02011a020a090aff4c0010050f18a3dfd4
58:0b:6d:de:b0:f8,00:01:27.269,-17,02011a020a090aff4c0010050f18a3dfd4
f1:2f:7f:98:9a:44,00:01:27.304,-17,07ff4c0012020003
58:0b:6d:de:b0:f8,00:01:27.540,-17,02011a020a090aff4c0010050f18a3dfd4
58:0b:6d:de:b0:f8,00:01:27.818,-17,02011a020a090aff4c0010050f18a3dfd4
58:0b:6d:de:b0:f8,00:01:28.093,-17,02011a020a090aff4c0010050f18a3dfd4
58:0b:6d:de:b0:f8,00:01:28.378,-17,02011a020a090aff4c0010050f18a3dfd4
58:0b:6d:de:b0:f8,00:01:28.663,-17,02011a020a090aff4c0010050f18a3dfd4
58:0b:6d:de:b0:f8,00:01:28.926,-17,02011a020a090aff4c0010050f18a3dfd4
f1:2f:7f:98:9a:44,00:01:29.309,-17,07ff4c0012020003
58:0b:6d:de:b0:f8,00:01:29.505,-17,02011a020a090aff4c0010050f18a3dfd4
58:0b:6d:de:b0:f8,00:01:29.771,-18,02011a020a090aff4c0010050f18a3dfd4
58:0b:6d:de:b0:f8,00:01:30.033,-17,02011a020a090aff4c0010050f18a3dfd4
58:0b:6d:de:b0:f8,00:01:30.323,-17,02011a020a090aff4c0010050f18a3dfd4
58:0b:6d:de:b0:f8,00:01:30.610,-17,02011a020a090aff4c0010050f18a3dfd4
58:0b:6d:de:b0:f8,00:01:31.138,-17,02011a020a090aff4c0010050f18a3dfd4
f1:2f:7f:98:9a:44,00:01:31.317,-18,07ff4c0012020003
58:0b:6d:de:b0:f8,00:01:32.748,-17,02011a020a090aff4c0010050f18a3dfd4
58:0b:6d:de:b0:f8,00:01:33.017,-17,02011a020a090aff4c0010050f18a3dfd4
f1:2f:7f:98:9a:44,00:01:33.262,-18,07ff4c0012020003
58:0b:6d:de:b0:f8,00:01:33.293,-17,02011a020a090aff4c0010050f18a3dfd4
58:0b:6d:de:b0:f8,00:01:33.600,-17,02011a020a090aff4c0010050f18a3dfd4
58:0b:6d:de:b0:f8,00:01:33.862,-17,02011a020a090aff4c0010050f18a3dfd4
58:0b:6d:de:b0:f8,00:01:34.141,-17,02011a020a090aff4c0010050f18a3dfd4
58:0b:6d:de:b0:f8,00:01:34.415,-17,02011a020a090aff4c0010050f18a3dfd4
58:0b:6d:de:b0:f8,00:01:34.709,-17,02011a020a090aff4c0010050f18a3dfd4
58:0b:6d:de:b0:f8,00:01:34.980,-17,02011a020a090aff4c0010050f18a3dfd4
f1:2f:7f:98:9a:44,00:01:35.272,-17,07ff4c0012020003
58:0b:6d:de:b0:f8,00:01:35.518,-17,02011a020a090aff4c0010050f18a3dfd4
58:0b:6d:de:b0:f8,00:01:35.793,-17,02011a020a090aff4c0010050f18a3dfd4
58:0b:6d:de:b0:f8,00:01:36.109,-17,02011a020a090aff4c0010050f18a3dfd4
58:0b:6d:de:b0:f8,00:01:36.359,-17,02011a020a090aff4c0010050f18a3dfd4
58:0b:6d:de:b0:f8,00:01:36.622,-17,02011a020a090aff4c0010050f18a3dfd4
58:0b:6d:de:b0:f8,00:01:36.909,-17,02011a020a090aff4c0010050f18a3dfd4
f1:2f:7f:98:9a:44,00:01:37.309,-17,07ff4c0012020003
58:0b:6d:de:b0:f8,00:01:37.450,-17,02011a020a090aff4c0010050f18a3dfd4
58:0b:6d:de:b0:f8,00:01:37.729,-18,02011a020a090aff4c0010050f18a3dfd4
58:0b:6d:de:b0:f8,00:01:38.309,-17,02011a020a090aff4c0010050f18a3dfd4
58:0b:6d:de:b0:f8,00:01:38.559,-17,02011a020a090aff4c0010050f18a3dfd4
58:0b:6d:de:b0:f8,00:01:38.861,-17,02011a020a090aff4c0010050f18a3dfd4
58:0b:6d:de:b0:f8,00:01:39.106,-17,02011a020a090aff4c0010050f18a3dfd4
f1:2f:7f:98:9a:44,00:01:39.280,-18,07ff4c0012020003
58:0b:6d:de:b0:f8,00:01:39.409,-17,02011a020a090aff4c0010050f18a3dfd4
58:0b:6d:de:b0:f8,00:01:39.655,-17,02011a020a090aff4c0010050f18a3dfd4
58:0b:6d:de:b0:f8,00:01:39.932,-17,02011a020a090aff4c0010050f18a3dfd4
58:0b:6d:de:b0:f8,00:01:40.207,-17,02011a020a090aff4c0010050f18a3dfd4
58:0b:6d:de:b0:f8,00:01:40.503,-18,02011a020a090aff4c0010050f18a3dfd4
58:0b:6d:de:b0:f8,00:01:40.759,-18,02011a020a090aff4c0010050f18a3dfd4
f1:2f:7f:98:9a:44,00:01:41.290,-17,07ff4c0012020003
58:0b:6d:de:b0:f8,00:01:41.313,-17,02011a020a090aff4c0010050f18a3dfd4
58:0b:6d:de:b0:f8,00:01:41.591,-17,02011a020a090aff4c0010050f18a3dfd4
58:0b:6d:de:b0:f8,00:01:41.875,-17,02011a020a090aff4c0010050f18a3dfd4
58:0b:6d:de:b0:f8,00:01:42.144,-17,02011a020a090aff4c0010050f18a3dfd4
58:0b:6d:de:b0:f8,00:01:42.421,-17,02011a020a090aff4c0010050f18a3dfd4
58:0b:6d:de:b0:f8,00:01:42.976,-17,02011a020a090aff4c0010050f18a3dfd4
58:0b:6d:de:b0:f8,00:01:43.253,-17,02011a020a090aff4c0010050f18a3dfd4
f1:2f:7f:98:9a:44,00:01:43.296,-17,07ff4c0012020003
58:0b:6d:de:b0:f8,00:01:43.528,-17,02011a020a090aff4c0010050f18a3dfd4
58:0b:6d:de:b0:f8,00:01:43.809,-17,02011a020a090aff4c0010050f18a3dfd4
58:0b:6d:de:b0:f8,00:01:44.082,-17,02011a020a090aff4c0010050f18a3dfd4
58:0b:6d:de:b0:f8,00:01:44.355,-17,02011a020a090aff4c0010050f18a3dfd4
58:0b:6d:de:b0:f8,00:01:44.642,-17,02011a020a090aff4c0010050f18a3dfd4
58:0b:6d:de:b0:f8,00:01:44.909,-17,02011a020a090aff4c0010050f18a3dfd4
58:0b:6d:de:b0:f8,00:01:45.195,-17,02011a020a090aff4c0010050f18a3dfd4
f1:2f:7f:98:9a:44,00:01:45.301,-17,07ff4c0012020003
58:0b:6d:de:b0:f8,00:01:45.482,-17,02011a020a090aff4c0010050f18a3dfd4
58:0b:6d:de:b0:f8,00:01:45.744,-17,02011a020a090aff4c0010050f18a3dfd4
58:0b:6d:de:b0:f8,00:01:46.014,-17,02011a020a090aff4c0010050f18a3dfd4
58:0b:6d:de:b0:f8,00:01:46.565,-17,02011a020a090aff4c0010050f18a3dfd4
58:0b:6d:de:b0:f8,00:01:46.853,-17,02011a020a090aff4c0010050f18a3dfd4
58:0b:6d:de:b0:f8,00:01:47.117,-17,02011a020a090aff4c0010050f18a3dfd4
f1:2f:7f:98:9a:44,00:01:47.309,-18,07ff4c0012020003
58:0b:6d:de:b0:f8,00:01:47.404,-17,02011a020a090aff4c0010050f18a3dfd4
58:0b:6d:de:b0:f8,00:01:47.671,-17,02011a020a090aff4c0010050f18a3dfd4
58:0b:6d:de:b0:f8,00:01:47.943,-17,02011a020a090aff4c0010050f18a3dfd4
58:0b:6d:de:b0:f8,00:01:48.217,-17,02011a020a090aff4c0010050f18a3dfd4
58:0b:6d:de:b0:f8,00:01:48.502,-17,02011a020a090aff4c0010050f18a3dfd4
58:0b:6d:de:b0:f8,00:01:48.773,-17,02011a020a090aff4c0010050f18a3dfd4
58:0b:6d:de:b0:f8,00:01:49.050,-17,02011a020a090aff4c0010050f18a3dfd4
f1:2f:7f:98:9a:44,00:01:49.318,-18,07ff4c0012020003
58:0b:6d:de:b0:f8,00:01:49.325,-17,02011a020a090aff4c0010050f18a3dfd4
58:0b:6d:de:b0:f8,00:01:49.605,-17,02011a020a090aff4c0010050f18a3dfd4
58:0b:6d:de:b0:f8,00:01:49.877,-17,02011a020a090aff4c0010050f18a3dfd4
58:0b:6d:de:b0:f8,00:01:50.437,-17,02011a020a090aff4c0010050f18a3dfd4
58:0b:6d:de:b0:f8,00:01:50.712,-17,02011a020a090aff4c0010050f18a3dfd4
58:0b:6d:de:b0:f8,00:01:50.987,-17,02011a020a090aff4c0010050f18a3dfd4
58:0b:6d:de:b0:f8,00:01:51.259,-17,02011a020a090aff4c0010050f18a3dfd4
f1:2f:7f:98:9a:44,00:01:51.356,-17,07ff4c0012020003
58:0b:6d:de:b0:f8,00:01:51.534,-17,02011a020a090aff4c0010050f18a3dfd4
58:0b:6d:de:b0:f8,00:01:52.094,-17,02011a020a090aff4c0010050f18a3dfd4
58:0b:6d:de:b0:f8,00:01:52.360,-17,02011a020a090aff4c0010050f18a3dfd4
58:0b:6d:de:b0:f8,00:01:53.192,-17,02011a020a090aff4c0010050f18a3dfd4
f1:2f:7f:98:9a:44,00:01:53.330,-18,07ff4c0012020003
58:0b:6d:de:b0:f8,00:01:53.462,-17,02011a020a090aff4c0010050f18a3dfd4
58:0b:6d:de:b0:f8,00:01:53.743,-17,02011a020a090aff4c0010050f18a3dfd4
58:0b:6d:de:b0:f8,00:01:54.316,-17,02011a020a090aff4c0010050f18a3dfd4
58:0b:6d:de:b0:f8,00:01:54.855,-17,02011a020a090aff4c0010050f18a3dfd4
58:0b:6d:de:b0:f8,00:01:55.124,-17,02011a020a090aff4c0010050f18a3dfd4
f1:2f:7f:98:9a:44,00:01:55.351,-17,07ff4c0012020003
58:0b:6d:de:b0:f8,00:01:55.405,-17,02011a020a090aff4c0010050f18a3dfd4
58:0b:6d:de:b0:f8,00:01:55.683,-17,02011a020a090aff4c0010050f18a3dfd4
58:0b:6d:de:b0:f8,00:01:55.963,-17,02011a020a090aff4c0010050f18a3dfd4
58:0b:6d:de:b0:f8,00:01:56.230,-17,02011a020a090aff4c0010050f18a3dfd4
58:0b:6d:de:b0:f8,00:01:56.504,-17,02011a020a090aff4c0010050f18a3dfd4
58:0b:6d:de:b0:f8,00:01:56.781,-17,02011a020a090aff4c0010050f18a3dfd4
58:0b:6d:de:b0:f8,00:01:57.060,-17,02011a020a090aff4c0010050f18a3dfd4
58:0b:6d:de:b0:f8,00:01:57.335,-17,02011a020a090aff4c0010050f18a3dfd4
f1:2f:7f:98:9a:44,00:01:57.353,-17,07ff4c0012020003
58:0b:6d:de:b0:f8,00:01:58.183,-17,02011a020a090aff4c0010050f18a3dfd4
58:0b:6d:de:b0:f8,00:01:58.509,-17,02011a020a090aff4c0010050f18a3dfd4
58:0b:6d:de:b0:f8,00:01:58.751,-17,02011a020a090aff4c0010050f18a3dfd4
58:0b:6d:de:b0:f8,00:01:59.308,-17,02011a020a090aff4c0010050f18a3dfd4
f1:2f:7f:98:9a:44,00:01:59.366,-18,07ff4c0012020003
58:0b:6d:de:b0:f8,00:01:59.579,-17,02011a020a090aff4c0010050f18a3dfd4
58:0b:6d:de:b0:f8,00:01:59.873,-17,02011a020a090aff4c0010050f18a3dfd4
58:0b:6d:de:b0:f8,00:02:00.406,-17,02011a020a090aff4c0010050f18a3dfd4
58:0b:6d:de:b0:f8,00:02:00.715,-17,02011a020a090aff4c0010050f18a3dfd4
58:0b:6d:de:b0:f8,00:02:00.964,-17,02011a020a090aff4c0010050f18a3dfd4
58:0b:6d:de:b0:f8,00:02:01.239,-17,02011a020a090aff4c0010050f18a3dfd4
f1:2f:7f:98:9a:44,00:02:01.374,-17,07ff4c0012020003
58:0b:6d:de:b0:f8,00:02:01.514,-17,02011a020a090aff4c0010050f18a3dfd4
f1:2f:7f:98:9a:44,00:02:03.339,-18,07ff4c0012020003
58:0b:6d:de:b0:f8,00:02:03.397,-17,02011a020a090aff4c0010050f18a3dfd4
58:0b:6d:de:b0:f8,00:02:03.684,-17,02011a020a090aff4c0010050f18a3dfd4
58:0b:6d:de:b0:f8,00:02:03.950,-17,02011a020a090aff4c0010050f18a3dfd4
58:0b:6d:de:b0:f8,00:02:04.225,-18,02011a020a090aff4c0010050f18a3dfd4
58:0b:6d:de:b0:f8,00:02:04.778,-17,02011a020a090aff4c0010050f18a3dfd4
58:0b:6d:de:b0:f8,00:02:05.050,-17,02011a020a090aff4c0010050f18a3dfd4
58:0b:6d:de:b0:f8,00:02:05.327,-17,02011a020a090aff4c0010050f18a3dfd4
f1:2f:7f:98:9a:44,00:02:05.340,-17,07ff4c0012020003
58:0b:6d:de:b0:f8,00:02:05.905,-17,02011a020a090aff4c0010050f18a3dfd4
58:0b:6d:de:b0:f8,00:02:06.154,-17,02011a020a090aff4c0010050f18a3dfd4
58:0b:6d:de:b0:f8,00:02:06.428,-17,02011a020a090aff4c0010050f18a3dfd4
58:0b:6d:de:b0:f8,00:02:07.263,-17,02011a020a090aff4c0010050f18a3dfd4
f1:2f:7f:98:9a:44,00:02:07.404,-17,07ff4c0012020003
58:0b:6d:de:b0:f8,00:02:07.534,-17,02011a020a090aff4c0010050f18a3dfd4
58:0b:6d:de:b0:f8,00:02:07.811,-17,02011a020a090aff4c0010050f18a3dfd4
58:0b:6d:de:b0:f8,00:02:08.109,-17,02011a020a090aff4c0010050f18a3dfd4
58:0b:6d:de:b0:f8,00:02:08.939,-17,02011a020a090aff4c0010050f18a3dfd4
58:0b:6d:de:b0:f8,00:02:09.215,-17,02011a020a090aff4c0010050f18a3dfd4
f1:2f:7f:98:9a:44,00:02:09.355,-18,07ff4c0012020003
58:0b:6d:de:b0:f8,00:02:09.504,-17,02011a020a090aff4c0010050f18a3dfd4
58:0b:6d:de:b0:f8,00:02:10.040,-17,02011a020a090aff4c0010050f18a3dfd4
58:0b:6d:de:b0:f8,00:02:10.605,-17,02011a020a090aff4c0010050f18a3dfd4
58:0b:6d:de:b0:f8,00:02:11.151,-17,02011a020a090aff4c0010050f18a3dfd4
f1:2f:7f:98:9a:44,00:02:11.363,-17,07ff4c0012020003
58:0b:6d:de:b0:f8,00:02:11.429,-17,02011a020a090aff4c0010050f18a3dfd4
58:0b:6d:de:b0:f8,00:02:11.985,-17,02011a020a090aff4c0010050f18a3dfd4
58:0b:6d:de:b0:f8,00:02:12.533,-17,02011a020a090aff4c0010050f18a3dfd4
58:0b:6d:de:b0:f8,00:02:12.812,-17,02011a020a090aff4c0010050f18a3dfd4
58:0b:6d:de:b0:f8,00:02:13.091,-17,02011a020a090aff4c0010050f18a3dfd4
f1:2f:7f:98:9a:44,00:02:13.364,-18,07ff4c0012020003
58:0b:6d:de:b0:f8,00:02:13.367,-17,02011a020a090aff4c0010050f18a3dfd4
58:0b:6d:de:b0:f8,00:02:13.642,-18,02011a020a090aff4c0010050f18a3dfd4
58:0b:6d:de:b0:f8,00:02:13.918,-17,02011a020a090aff4c0010050f18a3dfd4
58:0b:6d:de:b0:f8,00:02:14.479,-17,02011a020a090aff4c0010050f18a3dfd4
58:0b:6d:de:b0:f8,00:02:15.301,-17,02011a020a090aff4c0010050f18a3dfd4
f1:2f:7f:98:9a:44,00:02:15.375,-17,07ff4c0012020003
58:0b:6d:de:b0:f8,00:02:15.583,-17,02011a020a090aff4c0010050f18a3dfd4
58:0b:6d:de:b0:f8,00:02:15.897,-17,02011a020a090aff4c0010050f18a3dfd4
58:0b:6d:de:b0:f8,00:02:16.145,-17,02011a020a090aff4c0010050f18a3dfd4
58:0b:6d:de:b0:f8,00:02:16.407,-18,02011a020a090aff4c0010050f18a3dfd4
58:0b:6d:de:b0:f8,00:02:16.680,-17,02011a020a090aff4c0010050f18a3dfd4
58:0b:6d:de:b0:f8,00:02:17.227,-17,02011a020a090aff4c0010050f18a3dfd4
f1:2f:7f:98:9a:44,00:02:17.389,-17,07ff4c0012020003
58:0b:6d:de:b0:f8,00:02:17.504,-17,02011a020a090aff4c0010050f18a3dfd4
58:0b:6d:de:b0:f8,00:02:18.057,-17,02011a020a090aff4c0010050f18a3dfd4
58:0b:6d:de:b0:f8,00:02:18.351,-17,02011a020a090aff4c0010050f18a3dfd4
58:0b:6d:de:b0:f8,00:02:18.630,-17,02011a020a090aff4c0010050f18a3dfd4
58:0b:6d:de:b0:f8,00:02:18.902,-17,02011a020a090aff4c0010050f18a3dfd4
58:0b:6d:de:b0:f8,00:02:19.212,-17,02011a020a090aff4c0010050f18a3dfd4
f1:2f:7f:98:9a:44,00:02:19.403,-18,07ff4c0012020003
58:0b:6d:de:b0:f8,00:02:19.465,-17,02011a020a090aff4c0010050f18a3dfd4
58:0b:6d:de:b0:f8,00:02:19.764,-17,02011a020a090aff4c0010050f18a3dfd4
58:0b:6d:de:b0:f8,00:02:20.009,-17,02011a020a090aff4c0010050f18a3dfd4
58:0b:6d:de:b0:f8,00:02:20.294,-17,02011a020a090aff4c0010050f18a3dfd4
58:0b:6d:de:b0:f8,00:02:20.575,-17,02011a020a090aff4c0010050f18a3dfd4
58:0b:6d:de:b0:f8,00:02:20.840,-17,02011a020a090aff4c0010050f18a3dfd4
f1:2f:7f:98:9a:44,00:02:21.393,-17,07ff4c0012020003
58:0b:6d:de:b0:f8,00:02:21.397,-17,02011a020a090aff4c0010050f18a3dfd4
58:0b:6d:de:b0:f8,00:02:21.672,-17,02011a020a090aff4c0010050f18a3dfd4
58:0b:6d:de:b0:f8,00:02:21.973,-17,02011a020a090aff4c0010050f18a3dfd4
58:0b:6d:de:b0:f8,00:02:22.228,-17,02011a020a090aff4c0010050f18a3dfd4
58:0b:6d:de:b0:f8,00:02:22.512,-17,02011a020a090aff4c0010050f18a3dfd4
58:0b:6d:de:b0:f8,00:02:22.773,-17,02011a020a090aff4c0010050f18a3dfd4
58:0b:6d:de:b0:f8,00:02:23.082,-17,02011a020a090aff4c0010050f18a3dfd4
58:0b:6d:de:b0:f8,00:02:23.328,-17,02011a020a090aff4c0010050f18a3dfd4
f1:2f:7f:98:9a:44,00:02:23.397,-17,07ff4c0012020003
58:0b:6d:de:b0:f8,00:02:23.611,-17,02011a020a090aff4c0010050f18a3dfd4
58:0b:6d:de:b0:f8,00:02:23.885,-17,02011a020a090aff4c0010050f18a3dfd4
58:0b:6d:de:b0:f8,00:02:24.165,-17,02011a020a090aff4c0010050f18a3dfd4
58:0b:6d:de:b0:f8,00:02:24.440,-17,02011a020a090aff4c0010050f18a3dfd4
58:0b:6d:de:b0:f8,00:02:25.011,-18,02011a020a090aff4c0010050f18a3dfd4
58:0b:6d:de:b0:f8,00:02:25.263,-18,02011a020a090aff4c0010050f18a3dfd4
f1:2f:7f:98:9a:44,00:02:25.404,-17,07ff4c0012020003
58:0b:6d:de:b0:f8,00:02:25.540,-17,02011a020a090aff4c0010050f18a3dfd4
58:0b:6d:de:b0:f8,00:02:26.098,-17,02011a020a090aff4c0010050f18a3dfd4
58:0b:6d:de:b0:f8,00:02:26.369,-17,02011a020a090aff4c0010050f18a3dfd4
58:0b:6d:de:b0:f8,00:02:26.681,-17,02011a020a090aff4c0010050f18a3dfd4
58:0b:6d:de:b0:f8,00:02:26.920,-17,02011a020a090aff4c0010050f18a3dfd4
58:0b:6d:de:b0:f8,00:02:27.200,-17,02011a020a090aff4c0010050f18a3dfd4
58:0b:6d:de:b0:f8,00:02:27.477,-17,02011a020a090aff4c0010050f18a3dfd4
58:0b:6d:de:b0:f8,00:02:28.020,-17,02011a020a090aff4c0010050f18a3dfd4
58:0b:6d:de:b0:f8,00:02:28.300,-17,02011a020a090aff4c0010050f18a3dfd4
58:0b:6d:de:b0:f8,00:02:28.590,-17,02011a020a090aff4c0010050f18a3dfd4
58:0b:6d:de:b0:f8,00:02:28.883,-17,02011a020a090aff4c0010050f18a3dfd4
f1:2f:7f:98:9a:44,00:02:29.419,-18,07ff4c0012020003
58:0b:6d:de:b0:f8,00:02:29.435,-17,02011a020a090aff4c0010050f18a3dfd4
58:0b:6d:de:b0:f8,00:02:29.712,-17,02011a020a090aff4c0010050f18a3dfd4
58:0b:6d:de:b0:f8,00:02:29.971,-17,02011a020a090aff4c0010050f18a3dfd4
58:0b:6d:de:b0:f8,00:02:30.524,-17,02011a020a090aff4c0010050f18a3dfd4
58:0b:6d:de:b0:f8,00:02:30.812,-17,02011a020a090aff4c0010050f18a3dfd4
58:0b:6d:de:b0:f8,00:02:31.079,-17,02011a020a090aff4c0010050f18a3dfd4
58:0b:6d:de:b0:f8,00:02:31.358,-17,02011a020a090aff4c0010050f18a3dfd4
f1:2f:7f:98:9a:44,00:02:31.421,-17,07ff4c0012020003
58:0b:6d:de:b0:f8,00:02:31.637,-17,02011a020a090aff4c0010050f18a3dfd4
58:0b:6d:de:b0:f8,00:02:31.915,-17,02011a020a090aff4c0010050f18a3dfd4
58:0b:6d:de:b0:f8,00:02:32.187,-17,02011a020a090aff4c0010050f18a3dfd4
58:0b:6d:de:b0:f8,,-18,02011a020a090aff4c0010050f18a3dfd4
58:0b:6d:de:b0:f8,00:02:34.378,-17,02011a020a090aff4c0010050f18a3dfd4
58:0b:6d:de:b0:f8,00:02:34.656,-17,02011a020a090aff4c0010050f18a3dfd4
58:0b:6d:de:b0:f8,00:02:34.931,-17,02011a020a090aff4c0010050f18a3dfd4
58:0b:6d:de:b0:f8,00:02:35.206,-17,02011a020a090aff4c0010050f18a3dfd4
f1:2f:7f:98:9a:44,00:02:35.444,-18,07ff4c0012020003
58:0b:6d:de:b0:f8,00:02:35.494,-18,02011a020a090aff4c0010050f18a3dfd4
58:0b:6d:de:b0:f8,00:02:35.755,-17,02011a020a090aff4c0010050f18a3dfd4
58:0b:6d:de:b0:f8,00:02:36.035,-17,02011a020a090aff4c0010050f18a3dfd4
58:0b:6d:de:b0:f8,00:02:36.310,-17,02011a020a090aff4c0010050f18a3dfd4
58:0b:6d:de:b0:f8,00:02:36.594,-17,02011a020a090aff4c0010050f18a3dfd4
58:0b:6d:de:b0:f8,00:02:36.894,-17,02011a020a090aff4c0010050f18a3dfd4
58:0b:6d:de:b0:f8,00:02:37.417,-17,02011a020a090aff4c0010050f18a3dfd4
f1:2f:7f:98:9a:44,00:02:37.440,-17,07ff4c0012020003
58:0b:6d:de:b0:f8,00:02:37.691,-17,02011a020a090aff4c0010050f18a3dfd4
58:0b:6d:de:b0:f8,00:02:37.977,-17,02011a020a090aff4c0010050f18a3dfd4
58:0b:6d:de:b0:f8,00:02:38.250,-17,02011a020a090aff4c0010050f18a3dfd4
58:0b:6d:de:b0:f8,00:02:38.533,-17,02011a020a090aff4c0010050f18a3dfd4
58:0b:6d:de:b0:f8,00:02:38.816,-17,02011a020a090aff4c0010050f18a3dfd4
58:0b:6d:de:b0:f8,00:02:39.370,-17,02011a020a090aff4c0010050f18a3dfd4
f1:2f:7f:98:9a:44,00:02:39.436,-17,07ff4c0012020003
58:0b:6d:de:b0:f8,00:02:39.651,-17,02011a020a090aff4c0010050f18a3dfd4
58:0b:6d:de:b0:f8,00:02:39.934,-17,02011a020a090aff4c0010050f18a3dfd4
58:0b:6d:de:b0:f8,00:02:40.202,-17,02011a020a090aff4c0010050f18a3dfd4
58:0b:6d:de:b0:f8,00:02:40.478,-17,02011a020a090aff4c0010050f18a3dfd4
58:0b:6d:de:b0:f8,00:02:41.035,-17,02011a020a090aff4c0010050f18a3dfd4
58:0b:6d:de:b0:f8,00:02:41.308,-17,02011a020a090aff4c0010050f18a3dfd4
58:0b:6d:de:b0:f8,00:02:41.859,-17,02011a020a090aff4c0010050f18a3dfd4
58:0b:6d:de:b0:f8,00:02:42.137,-17,02011a020a090aff4c0010050f18a3dfd4
58:0b:6d:de:b0:f8,00:02:42.411,-17,02011a020a090aff4c0010050f18a3dfd4
58:0b:6d:de:b0:f8,00:02:42.686,-17,02011a020a090aff4c0010050f18a3dfd4
58:0b:6d:de:b0:f8,00:02:42.968,-17,02011a020a090aff4c0010050f18a3dfd4
58:0b:6d:de:b0:f8,00:02:43.235,-17,02011a020a090aff4c0010050f18a3dfd4
f1:2f:7f:98:9a:44,00:02:43.446,-17,07ff4c0012020003
58:0b:6d:de:b0:f8,00:02:43.791,-17,02011a020a090aff4c0010050f18a3dfd4
58:0b:6d:de:b0:f8,00:02:44.083,-17,02011a020a090aff4c0010050f18a3dfd4
58:0b:6d:de:b0:f8,00:02:44.351,-17,02011a020a090aff4c0010050f18a3dfd4
58:0b:6d:de:b0:f8,00:02:44.618,-17,02011a020a090aff4c0010050f18a3dfd4
58:0b:6d:de:b0:f8,00:02:44.895,-17,02011a020a090aff4c0010050f18a3dfd4
58:0b:6d:de:b0:f8,00:02:45.180,-17,02011a020a090aff4c0010050f18a3dfd4
58:0b:6d:de:b0:f8,00:02:45.445,-17,02011a020a090aff4c0010050f18a3dfd4
f1:2f:7f:98:9a:44,00:02:45.453,-18,07ff4c0012020003
58:0b:6d:de:b0:f8,00:02:45.722,-17,02011a020a090aff4c0010050f18a3dfd4
58:0b:6d:de:b0:f8,00:02:46.282,-17,02011a020a090aff4c0010050f18a3dfd4
58:0b:6d:de:b0:f8,00:02:46.554,-17,02011a020a090aff4c0010050f18a3dfd4
58:0b:6d:de:b0:f8,00:02:47.385,-17,02011a020a090aff4c0010050f18a3dfd4
f1:2f:7f:98:9a:44,00:02:47.462,-17,07ff4c0012020003
58:0b:6d:de:b0:f8,00:02:47.663,-17,02011a020a090aff4c0010050f18a3dfd4
58:0b:6d:de:b0:f8,00:02:47.955,-17,02011a020a090aff4c0010050f18a3dfd4
58:0b:6d:de:b0:f8,00:02:48.219,-17,02011a020a090aff4c0010050f18a3dfd4
58:0b:6d:de:b0:f8,00:02:48.501,-17,02011a020a090aff4c0010050f18a3dfd4
58:0b:6d:de:b0:f8,00:02:49.332,-17,02011a020a090aff4c0010050f18a3dfd4
f1:2f:7f:98:9a:44,00:02:49.458,-17,07ff4c0012020003
58:0b:6d:de:b0:f8,00:02:49.607,-17,02011a020a090aff4c0010050f18a3dfd4
58:0b:6d:de:b0:f8,00:02:50.163,-17,02011a020a090aff4c0010050f18a3dfd4
58:0b:6d:de:b0:f8,00:02:50.441,-17,02011a020a090aff4c0010050f18a3dfd4
58:0b:6d:de:b0:f8,00:02:50.718,-17,02011a020a090aff4c0010050f18a3dfd4
58:0b:6d:de:b0:f8,00:02:51.001,-17,02011a020a090aff4c0010050f18a3dfd4
58:0b:6d:de:b0:f8,00:02:51.301,-17,02011a020a090aff4c0010050f18a3dfd4
f1:2f:7f:98:9a:44,00:02:51.467,-18,07ff4c0012020003
58:0b:6d:de:b0:f8,00:02:51.545,-17,02011a020a090aff4c0010050f18a3dfd4
58:0b:6d:de:b0:f8,00:02:51.827,-17,02011a020a090aff4c0010050f18a3dfd4
58:0b:6d:de:b0:f8,00:02:52.659,-17,02011a020a090aff4c0010050f18a3dfd4
58:0b:6d:de:b0:f8,00:02:52.943,-17,02011a020a090aff4c0010050f18a3dfd4
58:0b:6d:de:b0:f8,00:02:53.233,-17,02011a020a090aff4c0010050f18a3dfd4
f1:2f:7f:98:9a:44,00:02:53.473,-17,07ff4c0012020003
58:0b:6d:de:b0:f8,00:02:53.487,-17,02011a020a090aff4c0010050f18a3dfd4
58:0b:6d:de:b0:f8,00:02:53.769,-17,02011a020a090aff4c0010050f18a3dfd4
58:0b:6d:de:b0:f8,00:02:54.038,-17,02011a020a090aff4c0010050f18a3dfd4
58:0b:6d:de:b0:f8,00:02:54.871,-17,02011a020a090aff4c0010050f18a3dfd4
58:0b:6d:de:b0:f8,00:02:55.144,-17,02011a020a090aff4c0010050f18a3dfd4
58:0b:6d:de:b0:f8,00:02:55.414,-17,02011a020a090aff4c0010050f18a3dfd4
58:0b:6d:de:b0:f8,00:02:55.694,-17,02011a020a090aff4c0010050f18a3dfd4
58:0b:6d:de:b0:f8,00:02:55.974,-17,02011a020a090aff4c0010050f18a3dfd4
58:0b:6d:de:b0:f8,00:02:56.261,-17,02011a020a090aff4c0010050f18a3dfd4
58:0b:6d:de:b0:f8,00:02:56.530,-17,02011a020a090aff4c0010050f18a3dfd4
58:0b:6d:de:b0:f8,00:02:56.810,-17,02011a020a090aff4c0010050f18a3dfd4
58:0b:6d:de:b0:f8,00:02:57.085,-17,02011a020a090aff4c0010050f18a3dfd4
58:0b:6d:de:b0:f8,00:02:57.369,-17,02011a020a090aff4c0010050f18a3dfd4
f1:2f:7f:98:9a:44,00:02:57.482,-17,07ff4c0012020003
58:0b:6d:de:b0:f8,00:02:57.631,-17,02011a020a090aff4c0010050f18a3dfd4
58:0b:6d:de:b0:f8,00:02:58.186,-18,02011a020a090aff4c0010050f18a3dfd4
58:0b:6d:de:b0:f8,00:02:58.458,-17,02011a020a090aff4c0010050f18a3dfd4
58:0b:6d:de:b0:f8,00:02:58.737,-18,02011a020a090aff4c0010050f18a3dfd4
58:0b:6d:de:b0:f8,00:02:59.308,-17,02011a020a090aff4c0010050f18a3dfd4
f1:2f:7f:98:9a:44,00:02:59.504,-17,07ff4c0012020003
58:0b:6d:de:b0:f8,00:02:59.574,-17,02011a020a090aff4c0010050f18a3dfd4
58:0b:6d:de:b0:f8,00:02:59.870,-17,02011a020a090aff4c0010050f18a3dfd4
58:0b:6d:de:b0:f8,00:03:00.133,-17,02011a020a090aff4c0010050f18a3dfd4
58:0b:6d:de:b0:f8,00:03:00.404,-17,02011a020a090aff4c0010050f18a3dfd4
58:0b:6d:de:b0:f8,00:03:00.685,-17,02011a020a090aff4c0010050f18a3dfd4
58:0b:6d:de:b0:f8,00:03:00.987,-17,02011a020a090aff4c0010050f18a3dfd4
58:0b:6d:de:b0:f8,00:03:01.255,-17,02011a020a090aff4c0010050f18a3dfd4
f1:2f:7f:98:9a:44,00:03:01.499,-18,07ff4c0012020003
58:0b:6d:de:b0:f8,00:03:01.515,-17,02011a020a090aff4c0010050f18a3dfd4
58:0b:6d:de:b0:f8,00:03:01.784,-17,02011a020a090aff4c0010050f18a3dfd4
58:0b:6d:de:b0:f8,00:03:02.073,-17,02011a020a090aff4c0010050f18a3dfd4
58:0b:6d:de:b0:f8,00:03:02.336,-17,02011a020a090aff4c0010050f18a3dfd4
58:0b:6d:de:b0:f8,00:03:02.615,-17,02011a020a090aff4c0010050f18a3dfd4
58:0b:6d:de:b0:f8,00:03:04.781,-17,02011a020a090aff4c0010050f18a3dfd4
58:0b:6d:de:b0:f8,00:03:05.337,-17,02011a020a090aff4c0010050f18a3dfd4
f1:2f:7f:98:9a:44,00:03:05.474,-17,07ff4c0012020003
58:0b:6d:de:b0:f8,00:03:06.161,-17,02011a020a090aff4c0010050f18a3dfd4
58:0b:6d:de:b0:f8,00:03:06.445,-17,02011a020a090aff4c0010050f18a3dfd4
58:0b:6d:de:b0:f8,00:03:06.987,-17,02011a020a090aff4c0010050f18a3dfd4
58:0b:6d:de:b0:f8,00:03:07.262,-17,02011a020a090aff4c0010050f18a3dfd4
f1:2f:7f:98:9a:44,00:03:07.470,-18,07ff4c0012020003
58:0b:6d:de:b0:f8,00:03:07.537,-17,02011a020a090aff4c0010050f18a3dfd4
58:0b:6d:de:b0:f8,00:03:07.813,-17,02011a020a090aff4c0010050f18a3dfd4
58:0b:6d:de:b0:f8,00:03:08.366,-17,02011a020a090aff4c0010050f18a3dfd4
58:0b:6d:de:b0:f8,00:03:08.640,-17,02011a020a090aff4c0010050f18a3dfd4
58:0b:6d:de:b0:f8,00:03:09.192,-17,02011a020a090aff4c0010050f18a3dfd4
58:0b:6d:de:b0:f8,00:03:09.464,-17,02011a020a090aff4c0010050f18a3dfd4
f1:2f:7f:98:9a:44,00:03:09.501,-17,07ff4c0012020003
58:0b:6d:de:b0:f8,00:03:09.747,-17,02011a020a090aff4c0010050f18a3dfd4
58:0b:6d:de:b0:f8,00:03:10.025,-17,02011a020a090aff4c0010050f18a3dfd4
58:0b:6d:de:b0:f8,00:03:10.311,-17,02011a020a090aff4c0010050f18a3dfd4
58:0b:6d:de:b0:f8,00:03:10.574,-17,02011a020a090aff4c0010050f18a3dfd4
58:0b:6d:de:b0:f8,00:03:10.847,-17,02011a020a090aff4c0010050f18a3dfd4
58:0b:6d:de:b0:f8,00:03:11.121,-17,02011a020a090aff4c0010050f18a3dfd4
f1:2f:7f:98:9a:44,00:03:11.501,-17,07ff4c0012020003
58:0b:6d:de:b0:f8,00:03:11.671,-18,02011a020a090aff4c0010050f18a3dfd4
58:0b:6d:de:b0:f8,00:03:11.946,-18,02011a020a090aff4c0010050f18a3dfd4
58:0b:6d:de:b0:f8,00:03:12.225,-17,02011a020a090aff4c0010050f18a3dfd4
58:0b:6d:de:b0:f8,00:03:12.511,-17,02011a020a090aff4c0010050f18a3dfd4
58:0b:6d:de:b0:f8,00:03:12.776,-17,02011a020a090aff4c0010050f18a3dfd4
58:0b:6d:de:b0:f8,00:03:13.067,-17,02011a020a090aff4c0010050f18a3dfd4
58:0b:6d:de:b0:f8,00:03:13.342,-17,02011a020a090aff4c0010050f18a3dfd4
f1:2f:7f:98:9a:44,00:03:13.504,-18,07ff4c0012020003
58:0b:6d:de:b0:f8,00:03:13.889,-17,02011a020a090aff4c0010050f18a3dfd4
58:0b:6d:de:b0:f8,00:03:14.165,-17,02011a020a090aff4c0010050f18a3dfd4
58:0b:6d:de:b0:f8,00:03:14.995,-17,02011a020a090aff4c0010050f18a3dfd4
58:0b:6d:de:b0:f8,00:03:15.271,-17,02011a020a090aff4c0010050f18a3dfd4
f1:2f:7f:98:9a:44,00:03:15.510,-18,07ff4c0012020003
58:0b:6d:de:b0:f8,00:03:15.543,-17,02011a020a090aff4c0010050f18a3dfd4
58:0b:6d:de:b0:f8,00:03:15.821,-17,02011a020a090aff4c0010050f18a3dfd4
58:0b:6d:de:b0:f8,00:03:16.099,-17,02011a020a090aff4c0010050f18a3dfd4
58:0b:6d:de:b0:f8,00:03:16.402,-17,02011a020a090aff4c0010050f18a3dfd4
58:0b:6d:de:b0:f8,00:03:16.956,-18,02011a020a090aff4c0010050f18a3dfd4
58:0b:6d:de:b0:f8,00:03:17.214,-17,02011a020a090aff4c0010050f18a3dfd4
58:0b:6d:de:b0:f8,00:03:17.488,-17,02011a020a090aff4c0010050f18a3dfd4
f1:2f:7f:98:9a:44,00:03:17.553,-18,07ff4c0012020003
58:0b:6d:de:b0:f8,00:03:17.765,-17,02011a020a090aff4c0010050f18a3dfd4
58:0b:6d:de:b0:f8,00:03:18.040,-17,02011a020a090aff4c0010050f18a3dfd4
58:0b:6d:de:b0:f8,00:03:18.315,-17,02011a020a090aff4c0010050f18a3dfd4
58:0b:6d:de:b0:f8,00:03:18.592,-17,02011a020a090aff4c0010050f18a3dfd4
58:0b:6d:de:b0:f8,00:03:18.911,-17,02011a020a090aff4c0010050f18a3dfd4
58:0b:6d:de:b0:f8,00:03:19.158,-17,02011a020a090aff4c0010050f18a3dfd4
58:0b:6d:de:b0:f8,00:03:19.420,-17,02011a020a090aff4c0010050f18a3dfd4
f1:2f:7f:98:9a:44,00:03:19.531,-17,07ff4c0012020003
58:0b:6d:de:b0:f8,00:03:19.697,-17,02011a020a090aff4c0010050f18a3dfd4
58:0b:6d:de:b0:f8,00:03:19.993,-17,02011a020a090aff4c0010050f18a3dfd4
58:0b:6d:de:b0:f8,00:03:20.253,-17,02011a020a090aff4c0010050f18a3dfd4
58:0b:6d:de:b0:f8,00:03:20.528,-18,02011a020a090aff4c0010050f18a3dfd4
58:0b:6d:de:b0:f8,00:03:20.809,-17,02011a020a090aff4c0010050f18a3dfd4
58:0b:6d:de:b0:f8,00:03:21.087,-17,02011a020a090aff4c0010050f18a3dfd4
58:0b:6d:de:b0:f8,00:03:21.362,-17,02011a020a090aff4c0010050f18a3dfd4
f1:2f:7f:98:9a:44,00:03:21.565,-17,07ff4c0012020003
58:0b:6d:de:b0:f8,00:03:21.635,-17,02011a020a090aff4c0010050f18a3dfd4
58:0b:6d:de:b0:f8,00:03:21.910,-17,02011a020a090aff4c0010050f18a3dfd4
58:0b:6d:de:b0:f8,00:03:22.185,-17,02011a020a090aff4c0010050f18a3dfd4
58:0b:6d:de:b0:f8,00:03:22.464,-17,02011a020a090aff4c0010050f18a3dfd4
58:0b:6d:de:b0:f8,00:03:22.765,-17,02011a020a090aff4c0010050f18a3dfd4
58:0b:6d:de:b0:f8,00:03:23.017,-17,02011a020a090aff4c0010050f18a3dfd4
58:0b:6d:de:b0:f8,00:03:23.294,-18,02011a020a090aff4c0010050f18a3dfd4
f1:2f:7f:98:9a:44,00:03:23.539,-18,07ff4c0012020003
58:0b:6d:de:b0:f8,00:03:23.611,-18,02011a020a090aff4c0010050f18a3dfd4
58:0b:6d:de:b0:f8,00:03:23.852,-17,02011a020a090aff4c0010050f18a3dfd4
58:0b:6d:de:b0:f8,00:03:24.142,-18,02011a020a090aff4c0010050f18a3dfd4
58:0b:6d:de:b0:f8,00:03:24.411,-17,02011a020a090aff4c0010050f18a3dfd4
58:0b:6d:de:b0:f8,00:03:24.679,-17,02011a020a090aff4c0010050f18a3dfd4
58:0b:6d:de:b0:f8,00:03:24.953,-18,02011a020a090aff4c0010050f18a3dfd4
58:0b:6d:de:b0:f8,00:03:25.227,-17,02011a020a090aff4c0010050f18a3dfd4
f1:2f:7f:98:9a:44,00:03:25.541,-18,07ff4c0012020003
58:0b:6d:de:b0:f8,00:03:25.778,-17,02011a020a090aff4c0010050f18a3dfd4
58:0b:6d:de:b0:f8,00:03:26.054,-17,02011a020a090aff4c0010050f18a3dfd4
58:0b:6d:de:b0:f8,00:03:26.329,-17,02011a020a090aff4c0010050f18a3dfd4
58:0b:6d:de:b0:f8,00:03:26.611,-17,02011a020a090aff4c0010050f18a3dfd4
58:0b:6d:de:b0:f8,00:03:26.879,-17,02011a020a090aff4c0010050f18a3dfd4
58:0b:6d:de:b0:f8,00:03:27.158,-17,02011a020a090aff4c0010050f18a3dfd4
58:0b:6d:de:b0:f8,00:03:27.437,-17,02011a020a090aff4c0010050f18a3dfd4
f1:2f:7f:98:9a:44,00:03:27.550,-17,07ff4c0012020003
58:0b:6d:de:b0:f8,00:03:27.707,-17,02011a020a090aff4c0010050f18a3dfd4
58:0b:6d:de:b0:f8,00:03:27.985,-17,02011a020a090aff4c0010050f18a3dfd4
58:0b:6d:de:b0:f8,00:03:28.279,-17,02011a020a090aff4c0010050f18a3dfd4
58:0b:6d:de:b0:f8,00:03:28.535,-17,02011a020a090aff4c0010050f18a3dfd4
58:0b:6d:de:b0:f8,00:03:28.814,-17,02011a020a090aff4c0010050f18a3dfd4
58:0b:6d:de:b0:f8,00:03:29.361,-17,02011a020a090aff4c0010050f18a3dfd4
f1:2f:7f:98:9a:44,00:03:29.576,-17,07ff4c0012020003
58:0b:6d:de:b0:f8,00:03:29.636,-17,02011a020a090aff4c0010050f18a3dfd4
58:0b:6d:de:b0:f8,00:03:29.913,-17,02011a020a090aff4c0010050f18a3dfd4
58:0b:6d:de:b0:f8,00:03:30.211,-17,02011a020a090aff4c0010050f18a3dfd4
58:0b:6d:de:b0:f8,00:03:30.491,-17,02011a020a090aff4c0010050f18a3dfd4
58:0b:6d:de:b0:f8,00:03:30.743,-17,02011a020a090aff4c0010050f18a3dfd4
58:0b:6d:de:b0:f8,00:03:31.107,-17,02011a020a090aff4c0010050f18a3dfd4
58:0b:6d:de:b0:f8,00:03:31.300,-18,02011a020a090aff4c0010050f18a3dfd4
f1:2f:7f:98:9a:44,00:03:31.571,-18,07ff4c0012020003
58:0b:6d:de:b0:f8,00:03:31.579,-18,02011a020a090aff4c0010050f18a3dfd4
58:0b:6d:de:b0:f8,00:03:31.869,-17,02011a020a090aff4c0010050f18a3dfd4
58:0b:6d:de:b0:f8,00:03:32.140,-17,02011a020a090aff4c0010050f18a3dfd4
58:0b:6d:de:b0:f8,00:03:32.404,-17,02011a020a090aff4c0010050f18a3dfd4
58:0b:6d:de:b0:f8,00:03:32.688,-17,02011a020a090aff4c0010050f18a3dfd4
58:0b:6d:de:b0:f8,00:03:32.966,-17,02011a020a090aff4c0010050f18a3dfd4
58:0b:6d:de:b0:f8,00:03:33.235,-17,02011a020a090aff4c0010050f18a3dfd4
58:0b:6d:de:b0:f8,00:03:33.513,-17,02011a020a090aff4c0010050f18a3dfd4
f1:2f:7f:98:9a:44,00:03:33.596,-17,07ff4c0012020003
58:0b:6d:de:b0:f8,00:03:33.785,-17,02011a020a090aff4c0010050f18a3dfd4
58:0b:6d:de:b0:f8,00:03:34.111,-17,02011a020a090aff4c0010050f18a3dfd4
58:0b:6d:de:b0:f8,00:03:34.351,-17,02011a020a090aff4c0010050f18a3dfd4
58:0b:6d:de:b0:f8,00:03:34.617,-17,02011a020a090aff4c0010050f18a3dfd4
58:0b:6d:de:b0:f8,00:03:35.183,-17,02011a020a090aff4c0010050f18a3dfd4
58:0b:6d:de:b0:f8,00:03:36.575,-18,02011a020a090aff4c0010050f18a3dfd4
58:0b:6d:de:b0:f8,00:03:36.797,-17,02011a020a090aff4c0010050f18a3dfd4
f1:2f:7f:98:9a:44,00:03:37.534,-17,07ff4c0012020003
58:0b:6d:de:b0:f8,00:03:37.635,-17,02011a020a090aff4c0010050f18a3dfd4
58:0b:6d:de:b0:f8,00:03:37.912,-17,02011a020a090aff4c0010050f18a3dfd4
58:0b:6d:de:b0:f8,00:03:38.185,-17,02011a020a090aff4c0010050f18a3dfd4
58:0b:6d:de:b0:f8,00:03:38.476,-17,02011a020a090aff4c0010050f18a3dfd4
58:0b:6d:de:b0:f8,00:03:38.736,-17,02011a020a090aff4c0010050f18a3dfd4
58:0b:6d:de:b0:f8,00:03:39.015,-17,02011a020a090aff4c0010050f18a3dfd4
58:0b:6d:de:b0:f8,00:03:39.294,-17,02011a020a090aff4c0010050f18a3dfd4
f1:2f:7f:98:9a:44,00:03:39.533,-18,07ff4c0012020003
58:0b:6d:de:b0:f8,00:03:39.568,-17,02011a020a090aff4c0010050f18a3dfd4
58:0b:6d:de:b0:f8,00:03:39.842,-17,02011a020a090aff4c0010050f18a3dfd4
58:0b:6d:de:b0:f8,00:03:40.136,-17,02011a020a090aff4c0010050f18a3dfd4
58:0b:6d:de:b0:f8,00:03:40.392,-17,02011a020a090aff4c0010050f18a3dfd4
58:0b:6d:de:b0:f8,00:03:40.672,-17,02011a020a090aff4c0010050f18a3dfd4
58:0b:6d:de:b0:f8,00:03:40.976,-17,02011a020a090aff4c0010050f18a3dfd4
58:0b:6d:de:b0:f8,00:03:41.501,-17,02011a020a090aff4c0010050f18a3dfd4
58:0b:6d:de:b0:f8,00:03:41.785,-17,02011a020a090aff4c0010050f18a3dfd4
58:0b:6d:de:b0:f8,00:03:42.054,-17,02011a020a090aff4c0010050f18a3dfd4
58:0b:6d:de:b0:f8,00:03:42.334,-17,02011a020a090aff4c0010050f18a3dfd4
58:0b:6d:de:b0:f8,00:03:42.885,-18,02011a020a090aff4c0010050f18a3dfd4
58:0b:6d:de:b0:f8,00:03:43.157,-18,02011a020a090aff4c0010050f18a3dfd4
58:0b:6d:de:b0:f8,00:03:43.434,-17,02011a020a090aff4c0010050f18a3dfd4
f1:2f:7f:98:9a:44,00:03:43.547,-17,07ff4c0012020003
58:0b:6d:de:b0:f8,00:03:44.262,-17,02011a020a090aff4c0010050f18a3dfd4
58:0b:6d:de:b0:f8,00:03:44.540,-17,02011a020a090aff4c0010050f18a3dfd4
58:0b:6d:de:b0:f8,00:03:44.817,-17,02011a020a090aff4c0010050f18a3dfd4
58:0b:6d:de:b0:f8,00:03:45.093,-17,02011a020a090aff4c0010050f18a3dfd4
58:0b:6d:de:b0:f8,00:03:45.366,-17,02011a020a090aff4c0010050f18a3dfd4
f1:2f:7f:98:9a:44,00:03:45.547,-18,07ff4c0012020003
58:0b:6d:de:b0:f8,00:03:45.656,-17,02011a020a090aff4c0010050f18a3dfd4
58:0b:6d:de:b0:f8,00:03:45.917,-17,02011a020a090aff4c0010050f18a3dfd4
58:0b:6d:de:b0:f8,00:03:46.193,-17,02011a020a090aff4c0010050f18a3dfd4
58:0b:6d:de:b0:f8,00:03:46.473,-17,02011a020a090aff4c0010050f18a3dfd4
58:0b:6d:de:b0:f8,00:03:46.749,-17,02011a020a090aff4c0010050f18a3dfd4
58:0b:6d:de:b0:f8,00:03:47.046,-17,02011a020a090aff4c0010050f18a3dfd4
58:0b:6d:de:b0:f8,00:03:47.318,-17,02011a020a090aff4c0010050f18a3dfd4
f1:2f:7f:98:9a:44,00:03:47.552,-17,07ff4c0012020003
58:0b:6d:de:b0:f8,00:03:47.580,-17,02011a020a090aff4c0010050f18a3dfd4
58:0b:6d:de:b0:f8,00:03:47.887,-17,02011a020a090aff4c0010050f18a3dfd4
58:0b:6d:de:b0:f8,00:03:48.155,-17,02011a020a090aff4c0010050f18a3dfd4
58:0b:6d:de:b0:f8,00:03:48.414,-17,02011a020a090aff4c0010050f18a3dfd4
58:0b:6d:de:b0:f8,00:03:48.693,-17,02011a020a090aff4c0010050f18a3dfd4
58:0b:6d:de:b0:f8,00:03:48.966,-17,02011a020a090aff4c0010050f18a3dfd4
58:0b:6d:de:b0:f8,00:03:49.246,-17,02011a020a090aff4c0010050f18a3dfd4
58:0b:6d:de:b0:f8,00:03:49.552,-18,02011a020a090aff4c0010050f18a3dfd4
f1:2f:7f:98:9a:44,00:03:49.559,-18,07ff4c0012020003
58:0b:6d:de:b0:f8,00:03:49.796,-17,02011a020a090aff4c0010050f18a3dfd4
58:0b:6d:de:b0:f8,00:03:50.069,-17,02011a020a090aff4c0010050f18a3dfd4
58:0b:6d:de:b0:f8,00:03:50.359,-17,02011a020a090aff4c0010050f18a3dfd4
58:0b:6d:de:b0:f8,00:03:50.631,-17,02011a020a090aff4c0010050f18a3dfd4
58:0b:6d:de:b0:f8,00:03:50.902,-17,02011a020a090aff4c0010050f18a3dfd4
58:0b:6d:de:b0:f8,00:03:51.193,-17,02011a020a090aff4c0010050f18a3dfd4
f1:2f:7f:98:9a:44,00:03:51.560,-17,07ff4c0012020003
58:0b:6d:de:b0:f8,00:03:51.734,-17,02011a020a090aff4c0010050f18a3dfd4
58:0b:6d:de:b0:f8,00:03:52.011,-17,02011a020a090aff4c0010050f18a3dfd4
58:0b:6d:de:b0:f8,00:03:52.286,-17,02011a020a090aff4c0010050f18a3dfd4
58:0b:6d:de:b0:f8,00:03:52.563,-17,02011a020a090aff4c0010050f18a3dfd4
58:0b:6d:de:b0:f8,00:03:52.837,-17,02011a020a090aff4c0010050f18a3dfd4
58:0b:6d:de:b0:f8,00:03:53.112,-17,02011a020a090aff4c0010050f18a3dfd4
58:0b:6d:de:b0:f8,00:03:53.388,-17,02011a020a090aff4c0010050f18a3dfd4
f1:2f:7f:98:9a:44,00:03:53.565,-17,07ff4c0012020003
58:0b:6d:de:b0:f8,00:03:53.665,-17,02011a020a090aff4c0010050f18a3dfd4
58:0b:6d:de:b0:f8,00:03:53.940,-17,02011a020a090aff4c0010050f18a3dfd4
58:0b:6d:de:b0:f8,00:03:54.234,-17,02011a020a090aff4c0010050f18a3dfd4
58:0b:6d:de:b0:f8,00:03:54.793,-17,02011a020a090aff4c0010050f18a3dfd4
58:0b:6d:de:b0:f8,00:03:55.067,-17,02011a020a090aff4c0010050f18a3dfd4
58:0b:6d:de:b0:f8,00:03:55.322,-17,02011a020a090aff4c0010050f18a3dfd4
f1:2f:7f:98:9a:44,00:03:55.576,-18,07ff4c0012020003
58:0b:6d:de:b0:f8,00:03:55.597,-17,02011a020a090aff4c0010050f18a3dfd4
58:0b:6d:de:b0:f8,00:03:55.877,-17,02011a020a090aff4c0010050f18a3dfd4
58:0b:6d:de:b0:f8,00:03:56.146,-17,02011a020a090aff4c0010050f18a3dfd4
58:0b:6d:de:b0:f8,00:03:56.697,-17,02011a020a090aff4c0010050f18a3dfd4
58:0b:6d:de:b0:f8,00:03:56.987,-17,02011a020a090aff4c0010050f18a3dfd4
58:0b:6d:de:b0:f8,00:03:57.248,-17,02011a020a090aff4c0010050f18a3dfd4
f1:2f:7f:98:9a:44,00:03:57.585,-18,07ff4c0012020003
58:0b:6d:de:b0:f8,00:03:57.798,-17,02011a020a090aff4c0010050f18a3dfd4
58:0b:6d:de:b0:f8,00:03:58.074,-17,02011a020a090aff4c0010050f18a3dfd4
58:0b:6d:de:b0:f8,00:03:58.351,-17,02011a020a090aff4c0010050f18a3dfd4
58:0b:6d:de:b0:f8,00:03:58.640,-17,02011a020a090aff4c0010050f18a3dfd4
58:0b:6d:de:b0:f8,00:03:58.901,-17,02011a020a090aff4c0010050f18a3dfd4
58:0b:6d:de:b0:f8,00:03:59.176,-17,02011a020a090aff4c0010050f18a3dfd4
58:0b:6d:de:b0:f8,00:03:59.460,-17,02011a020a090aff4c0010050f18a3dfd4
f1:2f:7f:98:9a:44,00:03:59.590,-17,07ff4c0012020003
58:0b:6d:de:b0:f8,00:03:59.733,-17,02011a020a090aff4c0010050f18a3dfd4
58:0b:6d:de:b0:f8,00:04:00.000,-17,02011a020a090aff4c0010050f18a3dfd4
58:0b:6d:de:b0:f8,00:04:00.280,-18,02011a020a090aff4c0010050f18a3dfd4
58:0b:6d:de:b0:f8,00:04:00.829,-17,02011a020a090aff4c0010050f18a3dfd4
58:0b:6d:de:b0:f8,00:04:01.105,-17,02011a020a090aff4c0010050f18a3dfd4
58:0b:6d:de:b0:f8,00:04:01.381,-17,02011a020a090aff4c0010050f18a3dfd4
f1:2f:7f:98:9a:44,00:04:01.593,-17,07ff4c0012020003
58:0b:6d:de:b0:f8,00:04:01.684,-17,02011a020a090aff4c0010050f18a3dfd4
58:0b:6d:de:b0:f8,00:04:01.941,-17,02011a020a090aff4c0010050f18a3dfd4
58:0b:6d:de:b0:f8,00:04:02.218,-17,02011a020a090aff4c0010050f18a3dfd4
58:0b:6d:de:b0:f8,00:04:02.495,-17,02011a020a090aff4c0010050f18a3dfd4
58:0b:6d:de:b0:f8,00:04:02.768,-17,02011a020a090aff4c0010050f18a3dfd4
58:0b:6d:de:b0:f8,00:04:03.046,-17,02011a020a090aff4c0010050f18a3dfd4
58:0b:6d:de:b0:f8,00:04:03.319,-17,02011a020a090aff4c0010050f18a3dfd4
f1:2f:7f:98:9a:44,00:04:03.614,-17,07ff4c0012020003
58:0b:6d:de:b0:f8,00:04:03.868,-17,02011a020a090aff4c0010050f18a3dfd4
58:0b:6d:de:b0:f8,00:04:04.143,-17,02011a020a090aff4c0010050f18a3dfd4
58:0b:6d:de:b0:f8,00:04:04.418,-17,02011a020a090aff4c0010050f18a3dfd4
58:0b:6d:de:b0:f8,00:04:04.977,-17,02011a020a090aff4c0010050f18a3dfd4
58:0b:6d:de:b0:f8,00:04:05.260,-17,02011a020a090aff4c0010050f18a3dfd4
58:0b:6d:de:b0:f8,00:04:05.529,-17,02011a020a090aff4c0010050f18a3dfd4
f1:2f:7f:98:9a:44,00:04:05.603,-18,07ff4c0012020003
58:0b:6d:de:b0:f8,00:04:05.805,-17,02011a020a090aff4c0010050f18a3dfd4
58:0b:6d:de:b0:f8,00:04:06.078,-17,02011a020a090aff4c0010050f18a3dfd4
58:0b:6d:de:b0:f8,00:04:06.358,-17,02011a020a090aff4c0010050f18a3dfd4
58:0b:6d:de:b0:f8,00:04:06.634,-17,02011a020a090aff4c0010050f18a3dfd4
58:0b:6d:de:b0:f8,00:04:07.186,-17,02011a020a090aff4c0010050f18a3dfd4
58:0b:6d:de:b0:f8,00:04:08.535,-17,02011a020a090aff4c0010050f18a3dfd4
58:0b:6d:de:b0:f8,00:04:08.827,-17,02011a020a090aff4c0010050f18a3dfd4
58:0b:6d:de:b0:f8,00:04:09.085,-17,02011a020a090aff4c0010050f18a3dfd4
58:0b:6d:de:b0:f8,00:04:09.362,-17,02011a020a090aff4c0010050f18a3dfd4
58:0b:6d:de:b0:f8,00:04:09.677,-17,02011a020a090aff4c0010050f18a3dfd4
58:0b:6d:de:b0:f8,00:04:09.917,-17,02011a020a090aff4c0010050f18a3dfd4
58:0b:6d:de:b0:f8,00:04:10.194,-17,02011a020a090aff4c0010050f18a3dfd4
58:0b:6d:de:b0:f8,00:04:10.473,-17,02011a020a090aff4c0010050f18a3dfd4
58:0b:6d:de:b0:f8,00:04:10.747,-17,02011a020a090aff4c0010050f18a3dfd4
58:0b:6d:de:b0:f8,00:04:11.300,-17,02011a020a090aff4c0010050f18a3dfd4
58:0b:6d:de:b0:f8,00:04:11.581,-17,02011a020a090aff4c0010050f18a3dfd4
f1:2f:7f:98:9a:44,00:04:11.606,-18,07ff4c0012020003
58:0b:6d:de:b0:f8,00:04:11.887,-17,02011a020a090aff4c0010050f18a3dfd4
58:0b:6d:de:b0:f8,00:04:12.150,-17,02011a020a090aff4c0010050f18a3dfd4
58:0b:6d:de:b0:f8,00:04:12.474,-17,02011a020a090aff4c0010050f18a3dfd4
58:0b:6d:de:b0:f8,00:04:12.703,-17,02011a020a090aff4c0010050f18a3dfd4
58:0b:6d:de:b0:f8,00:04:12.982,-17,02011a020a090aff4c0010050f18a3dfd4
58:0b:6d:de:b0:f8,00:04:13.258,-17,02011a020a090aff4c0010050f18a3dfd4
58:0b:6d:de:b0:f8,00:04:13.535,-17,02011a020a090aff4c0010050f18a3dfd4
f1:2f:7f:98:9a:44,00:04:13.604,-17,07ff4c0012020003
58:0b:6d:de:b0:f8,00:04:13.814,-17,02011a020a090aff4c0010050f18a3dfd4
58:0b:6d:de:b0:f8,00:04:14.642,-17,02011a020a090aff4c0010050f18a3dfd4
58:0b:6d:de:b0:f8,00:04:14.918,-17,02011a020a090aff4c0010050f18a3dfd4
58:0b:6d:de:b0:f8,00:04:15.197,-17,02011a020a090aff4c0010050f18a3dfd4
58:0b:6d:de:b0:f8,00:04:15.487,-17,02011a020a090aff4c0010050f18a3dfd4
f1:2f:7f:98:9a:44,00:04:15.607,-17,07ff4c0012020003
58:0b:6d:de:b0:f8,00:04:15.751,-17,02011a020a090aff4c0010050f18a3dfd4
58:0b:6d:de:b0:f8,00:04:16.041,-17,02011a020a090aff4c0010050f18a3dfd4
58:0b:6d:de:b0:f8,00:04:16.300,-17,02011a020a090aff4c0010050f18a3dfd4
58:0b:6d:de:b0:f8,00:04:16.861,-17,02011a020a090aff4c0010050f18a3dfd4
58:0b:6d:de:b0:f8,00:04:17.128,-17,02011a020a090aff4c0010050f18a3dfd4
58:0b:6d:de:b0:f8,00:04:17.403,-17,02011a020a090aff4c0010050f18a3dfd4
f1:2f:7f:98:9a:44,00:04:17.628,-18,07ff4c0012020003
58:0b:6d:de:b0:f8,00:04:17.687,-17,02011a020a090aff4c0010050f18a3dfd4
58:0b:6d:de:b0:f8,00:04:17.970,-17,02011a020a090aff4c0010050f18a3dfd4
58:0b:6d:de:b0:f8,00:04:18.785,-17,02011a020a090aff4c0010050f18a3dfd4
58:0b:6d:de:b0:f8,00:04:19.066,-17,02011a020a090aff4c0010050f18a3dfd4
58:0b:6d:de:b0:f8,00:04:19.336,-17,02011a020a090aff4c0010050f18a3dfd4
58:0b:6d:de:b0:f8,00:04:19.615,-17,02011a020a090aff4c0010050f18a3dfd4
f1:2f:7f:98:9a:44,00:04:19.616,-18,07ff4c0012020003
58:0b:6d:de:b0:f8,00:04:20.166,-17,02011a020a090aff4c0010050f18a3dfd4
58:0b:6d:de:b0:f8,00:04:20.441,-17,02011a020a090aff4c0010050f18a3dfd4
58:0b:6d:de:b0:f8,00:04:20.717,-17,02011a020a090aff4c0010050f18a3dfd4
58:0b:6d:de:b0:f8,00:04:20.993,-17,02011a020a090aff4c0010050f18a3dfd4
58:0b:6d:de:b0:f8,00:04:21.287,-17,02011a020a090aff4c0010050f18a3dfd4
58:0b:6d:de:b0:f8,00:04:21.548,-17,02011a020a090aff4c0010050f18a3dfd4
f1:2f:7f:98:9a:44,00:04:21.646,-17,07ff4c0012020003
58:0b:6d:de:b0:f8,00:04:21.820,-17,02011a020a090aff4c0010050f18a3dfd4
58:0b:6d:de:b0:f8,00:04:22.101,-17,02011a020a090aff4c0010050f18a3dfd4
58:0b:6d:de:b0:f8,00:04:22.662,-17,02011a020a090aff4c0010050f18a3dfd4
58:0b:6d:de:b0:f8,00:04:22.952,-17,02011a020a090aff4c0010050f18a3dfd4
58:0b:6d:de:b0:f8,00:04:23.216,-17,02011a020a090aff4c0010050f18a3dfd4
58:0b:6d:de:b0:f8,00:04:23.492,-17,02011a020a090aff4c0010050f18a3dfd4
f1:2f:7f:98:9a:44,00:04:23.652,-17,07ff4c0012020003
58:0b:6d:de:b0:f8,00:04:23.773,-17,02011a020a090aff4c0010050f18a3dfd4
58:0b:6d:de:b0:f8,00:04:24.062,-17,02011a020a090aff4c0010050f18a3dfd4
58:0b:6d:de:b0:f8,00:04:24.318,-17,02011a020a090aff4c0010050f18a3dfd4
58:0b:6d:de:b0:f8,00:04:24.607,-17,02011a020a090aff4c0010050f18a3dfd4
58:0b:6d:de:b0:f8,00:04:24.887,-17,02011a020a090aff4c0010050f18a3dfd4
58:0b:6d:de:b0:f8,00:04:25.187,-17,02011a020a090aff4c0010050f18a3dfd4
58:0b:6d:de:b0:f8,00:04:25.418,-17,02011a020a090aff4c0010050f18a3dfd4
f1:2f:7f:98:9a:44,00:04:25.634,-18,07ff4c0012020003
58:0b:6d:de:b0:f8,00:04:25.694,-17,02011a020a090aff4c0010050f18a3dfd4
58:0b:6d:de:b0:f8,00:04:25.968,-17,02011a020a090aff4c0010050f18a3dfd4
58:0b:6d:de:b0:f8,00:04:26.245,-17,02011a020a090aff4c0010050f18a3dfd4
58:0b:6d:de:b0:f8,00:04:26.525,-17,02011a020a090aff4c0010050f18a3dfd4
58:0b:6d:de:b0:f8,00:04:26.796,-17,02011a020a090aff4c0010050f18a3dfd4
58:0b:6d:de:b0:f8,00:04:27.073,-17,02011a020a090aff4c0010050f18a3dfd4
58:0b:6d:de:b0:f8,00:04:27.349,-17,02011a020a090aff4c0010050f18a3dfd4
58:0b:6d:de:b0:f8,00:04:27.624,-17,02011a020a090aff4c0010050f18a3dfd4
f1:2f:7f:98:9a:44,00:04:27.637,-17,07ff4c0012020003
58:0b:6d:de:b0:f8,00:04:27.902,-17,02011a020a090aff4c0010050f18a3dfd4
58:0b:6d:de:b0:f8,00:04:28.177,-17,02011a020a090aff4c0010050f18a3dfd4
58:0b:6d:de:b0:f8,00:04:28.454,-17,02011a020a090aff4c0010050f18a3dfd4
58:0b:6d:de:b0:f8,00:04:28.730,-17,02011a020a090aff4c0010050f18a3dfd4
58:0b:6d:de:b0:f8,00:04:29.014,-17,02011a020a090aff4c0010050f18a3dfd4
58:0b:6d:de:b0:f8,00:04:29.283,-17,02011a020a090aff4c0010050f18a3dfd4
58:0b:6d:de:b0:f8,00:04:29.563,-17,02011a020a090aff4c0010050f18a3dfd4
f1:2f:7f:98:9a:44,00:04:29.644,-17,07ff4c0012020003
58:0b:6d:de:b0:f8,00:04:29.843,-17,02011a020a090aff4c0010050f18a3dfd4
58:0b:6d:de:b0:f8,00:04:30.118,-17,02011a020a090aff4c0010050f18a3dfd4
58:0b:6d:de:b0:f8,00:04:30.393,-17,02011a020a090aff4c0010050f18a3dfd4
58:0b:6d:de:b0:f8,00:04:30.667,-17,02011a020a090aff4c0010050f18a3dfd4
58:0b:6d:de:b0:f8,00:04:30.943,-18,02011a020a090aff4c0010050f18a3dfd4
58:0b:6d:de:b0:f8,00:04:31.221,-17,02011a020a090aff4c0010050f18a3dfd4
58:0b:6d:de:b0:f8,00:04:31.492,-17,02011a020a090aff4c0010050f18a3dfd4
f1:2f:7f:98:9a:44,00:04:31.648,-17,07ff4c0012020003
58:0b:6d:de:b0:f8,00:04:32.047,-17,02011a020a090aff4c0010050f18a3dfd4
58:0b:6d:de:b0:f8,00:04:32.330,-17,02011a020a090aff4c0010050f18a3dfd4
58:0b:6d:de:b0:f8,00:04:32.599,-17,02011a020a090aff4c0010050f18a3dfd4
58:0b:6d:de:b0:f8,00:04:32.887,-17,02011a020a090aff4c0010050f18a3dfd4
58:0b:6d:de:b0:f8,00:04:33.187,-17,02011a020a090aff4c0010050f18a3dfd4
58:0b:6d:de:b0:f8,00:04:33.429,-17,02011a020a090aff4c0010050f18a3dfd4
f1:2f:7f:98:9a:44,00:04:33.655,-18,07ff4c0012020003
58:0b:6d:de:b0:f8,00:04:33.703,-17,02011a020a090aff4c0010050f18a3dfd4
58:0b:6d:de:b0:f8,00:04:34.264,-17,02011a020a090aff4c0010050f18a3dfd4
58:0b:6d:de:b0:f8,00:04:34.527,-17,02011a020a090aff4c0010050f18a3dfd4
58:0b:6d:de:b0:f8,00:04:34.813,-18,02011a020a090aff4c0010050f18a3dfd4
58:0b:6d:de:b0:f8,00:04:35.636,-17,02011a020a090aff4c0010050f18a3dfd4
f1:2f:7f:98:9a:44,00:04:35.664,-17,07ff4c0012020003
58:0b:6d:de:b0:f8,00:04:35.918,-17,02011a020a090aff4c0010050f18a3dfd4
58:0b:6d:de:b0:f8,00:04:36.188,-17,02011a020a090aff4c0010050f18a3dfd4
58:0b:6d:de:b0:f8,00:04:36.487,-17,02011a020a090aff4c0010050f18a3dfd4
58:0b:6d:de:b0:f8,00:04:36.746,-17,02011a020a090aff4c0010050f18a3dfd4
58:0b:6d:de:b0:f8,00:04:37.087,-17,02011a020a090aff4c0010050f18a3dfd4
58:0b:6d:de:b0:f8,00:04:37.294,-17,02011a020a090aff4c0010050f18a3dfd4
f1:2f:7f:98:9a:44,00:04:37.687,-17,07ff4c0012020003
58:0b:6d:de:b0:f8,00:04:37.845,-17,02011a020a090aff4c0010050f18a3dfd4
58:0b:6d:de:b0:f8,00:04:38.124,-17,02011a020a090aff4c0010050f18a3dfd4
58:0b:6d:de:b0:f8,00:04:38.397,-18,02011a020a090aff4c0010050f18a3dfd4
58:0b:6d:de:b0:f8,00:04:38.678,-17,02011a020a090aff4c0010050f18a3dfd4
58:0b:6d:de:b0:f8,00:04:38.959,-17,02011a020a090aff4c0010050f18a3dfd4
58:0b:6d:de:b0:f8,00:04:39.249,-17,02011a020a090aff4c0010050f18a3dfd4
58:0b:6d:de:b0:f8,00:04:39.518,-17,02011a020a090aff4c0010050f18a3dfd4
f1:2f:7f:98:9a:44,00:04:39.671,-17,07ff4c0012020003
58:0b:6d:de:b0:f8,00:04:40.065,-17,02011a020a090aff4c0010050f18a3dfd4
58:0b:6d:de:b0:f8,00:04:40.341,-17,02011a020a090aff4c0010050f18a3dfd4
58:0b:6d:de:b0:f8,00:04:40.616,-17,02011a020a090aff4c0010050f18a3dfd4
58:0b:6d:de:b0:f8,00:04:40.895,-17,02011a020a090aff4c0010050f18a3dfd4
58:0b:6d:de:b0:f8,00:04:41.174,-17,02011a020a090aff4c0010050f18a3dfd4
58:0b:6d:de:b0:f8,00:04:41.451,-17,02011a020a090aff4c0010050f18a3dfd4
f1:2f:7f:98:9a:44,00:04:41.678,-18,07ff4c0012020003
58:0b:6d:de:b0:f8,00:04:41.729,-17,02011a020a090aff4c0010050f18a3dfd4
58:0b:6d:de:b0:f8,00:04:42.001,-17,02011a020a090aff4c0010050f18a3dfd4
58:0b:6d:de:b0:f8,00:04:42.276,-17,02011a020a090aff4c0010050f18a3dfd4
58:0b:6d:de:b0:f8,00:04:42.580,-17,02011a020a090aff4c0010050f18a3dfd4
58:0b:6d:de:b0:f8,00:04:42.837,-17,02011a020a090aff4c0010050f18a3dfd4
58:0b:6d:de:b0:f8,00:04:43.101,-17,02011a020a090aff4c0010050f18a3dfd4
58:0b:6d:de:b0:f8,00:04:43.381,-17,02011a020a090aff4c0010050f18a3dfd4
f1:2f:7f:98:9a:44,00:04:43.687,-17,07ff4c0012020003
58:0b:6d:de:b0:f8,00:04:43.928,-17,02011a020a090aff4c0010050f18a3dfd4
58:0b:6d:de:b0:f8,00:04:44.203,-17,02011a020a090aff4c0010050f18a3dfd4
58:0b:6d:de:b0:f8,00:04:44.479,-17,02011a020a090aff4c0010050f18a3dfd4
f1:2f:7f:98:9a:44,00:04:45.669,-17,07ff4c0012020003
58:0b:6d:de:b0:f8,00:04:45.817,-17,02011a020a090aff4c0010050f18a3dfd4
58:0b:6d:de:b0:f8,00:04:46.092,-17,02011a020a090aff4c0010050f18a3dfd4
58:0b:6d:de:b0:f8,00:04:46.926,-17,02011a020a090aff4c0010050f18a3dfd4
58:0b:6d:de:b0:f8,00:04:47.495,-17,02011a020a090aff4c0010050f18a3dfd4
f1:2f:7f:98:9a:44,00:04:47.657,-17,07ff4c0012020003
58:0b:6d:de:b0:f8,00:04:47.754,-17,02011a020a090aff4c0010050f18a3dfd4
58:0b:6d:de:b0:f8,00:04:48.032,-17,02011a020a090aff4c0010050f18a3dfd4
58:0b:6d:de:b0:f8,00:04:48.317,-17,02011a020a090aff4c0010050f18a3dfd4
58:0b:6d:de:b0:f8,00:04:48.586,-17,02011a020a090aff4c0010050f18a3dfd4
58:0b:6d:de:b0:f8,00:04:48.860,-17,02011a020a090aff4c0010050f18a3dfd4
58:0b:6d:de:b0:f8,00:04:49.139,-17,02011a020a090aff4c0010050f18a3dfd4
58:0b:6d:de:b0:f8,00:04:49.418,-17,02011a020a090aff4c0010050f18a3dfd4
f1:2f:7f:98:9a:44,00:04:49.662,-18,07ff4c0012020003
58:0b:6d:de:b0:f8,00:04:49.693,-17,02011a020a090aff4c0010050f18a3dfd4
58:0b:6d:de:b0:f8,00:04:49.978,-17,02011a020a090aff4c0010050f18a3dfd4
58:0b:6d:de:b0:f8,00:04:50.524,-17,02011a020a090aff4c0010050f18a3dfd4
58:0b:6d:de:b0:f8,00:04:50.803,-17,02011a020a090aff4c0010050f18a3dfd4
58:0b:6d:de:b0:f8,00:04:51.085,-17,02011a020a090aff4c0010050f18a3dfd4
58:0b:6d:de:b0:f8,00:04:51.360,-17,02011a020a090aff4c0010050f18a3dfd4
58:0b:6d:de:b0:f8,00:04:51.631,-17,02011a020a090aff4c0010050f18a3dfd4
f1:2f:7f:98:9a:44,00:04:51.675,-17,07ff4c0012020003
58:0b:6d:de:b0:f8,00:04:51.916,-17,02011a020a090aff4c0010050f18a3dfd4
58:0b:6d:de:b0:f8,00:04:52.180,-17,02011a020a090aff4c0010050f18a3dfd4
58:0b:6d:de:b0:f8,00:04:52.456,-17,02011a020a090aff4c0010050f18a3dfd4
58:0b:6d:de:b0:f8,00:04:52.731,-17,02011a020a090aff4c0010050f18a3dfd4
